ds,GRU,unique_id
2024-10-01,40810.473,Acessorio
2024-10-02,67881.28,Acessorio
2024-10-03,61068.754,Acessorio
2024-10-04,85475.15,Acessorio
2024-10-05,67207.52,Acessorio
2024-10-06,5091.8438,Acessorio
2024-10-07,87839.234,Acessorio
2024-10-08,57995.684,Acessorio
2024-10-09,58809.645,Acessorio
2024-10-10,63583.94,Acessorio
2024-10-11,62335.453,Acessorio
2024-10-12,60230.7,Acessorio
2024-10-13,43645.875,Acessorio
2024-10-14,56624.516,Acessorio
2024-10-15,88178.67,Acessorio
2024-10-16,98849.695,Acessorio
2024-10-17,55854.96,Acessorio
2024-10-18,115912.195,Acessorio
2024-10-19,88731.35,Acessorio
2024-10-20,56879.996,Acessorio
2024-10-21,50902.258,Acessorio
2024-10-22,78144.87,Acessorio
2024-10-23,50025.29,Acessorio
2024-10-24,66244.35,Acessorio
2024-10-25,59763.434,Acessorio
2024-10-26,58326.02,Acessorio
2024-10-27,37715.57,Acessorio
2024-10-28,48710.91,Acessorio
2024-10-29,54992.11,Acessorio
2024-10-30,51765.586,Acessorio
2024-10-31,60051.168,Acessorio
2024-11-01,58280.18,Acessorio
2024-11-02,60042.656,Acessorio
2024-11-03,12416.59,Acessorio
2024-11-04,41521.68,Acessorio
2024-11-05,54748.45,Acessorio
2024-11-06,89619.164,Acessorio
2024-11-07,73557.78,Acessorio
2024-11-08,103159.45,Acessorio
2024-11-09,71759.28,Acessorio
2024-11-10,61933.645,Acessorio
2024-11-11,50281.633,Acessorio
2024-11-12,67798.8,Acessorio
2024-11-13,81030.31,Acessorio
2024-11-14,43356.438,Acessorio
2024-11-15,69590.305,Acessorio
2024-11-16,67872.57,Acessorio
2024-11-17,62907.445,Acessorio
2024-11-18,95939.016,Acessorio
2024-11-19,80487.56,Acessorio
2024-11-20,56980.207,Acessorio
2024-11-21,43575.875,Acessorio
2024-11-22,84646.41,Acessorio
2024-11-23,148059.0,Acessorio
2024-11-24,33456.855,Acessorio
2024-11-25,61344.3,Acessorio
2024-11-26,91816.06,Acessorio
2024-11-27,48085.695,Acessorio
2024-11-28,72919.56,Acessorio
2024-11-29,107105.02,Acessorio
2024-11-30,72818.516,Acessorio
2024-12-01,21278.363,Acessorio
2024-12-02,29319.95,Acessorio
2024-12-03,30508.635,Acessorio
2024-12-04,41960.348,Acessorio
2024-12-05,43531.992,Acessorio
2024-12-06,36302.71,Acessorio
2024-12-07,65736.27,Acessorio
2024-12-08,31449.832,Acessorio
2024-12-09,60358.39,Acessorio
2024-12-10,42128.586,Acessorio
2024-12-11,72126.19,Acessorio
2024-12-12,64580.55,Acessorio
2024-12-13,110273.66,Acessorio
2024-12-14,84062.84,Acessorio
2024-12-15,53651.594,Acessorio
2024-12-16,68348.625,Acessorio
2024-12-17,66787.664,Acessorio
2024-12-18,102668.734,Acessorio
2024-12-19,86785.086,Acessorio
2024-12-20,107258.94,Acessorio
2024-12-21,144091.42,Acessorio
2024-12-22,66219.336,Acessorio
2024-12-23,198684.8,Acessorio
2024-12-24,148626.9,Acessorio
2024-12-25,26644.719,Acessorio
2024-12-26,64623.3,Acessorio
2024-12-27,48480.367,Acessorio
2024-12-28,52847.688,Acessorio
2024-12-29,41222.273,Acessorio
2024-12-30,89508.67,Acessorio
2024-12-31,64928.07,Acessorio
2025-01-01,20242.504,Acessorio
2025-01-02,100588.87,Acessorio
2025-01-03,49500.383,Acessorio
2025-01-04,37997.72,Acessorio
2025-01-05,24407.441,Acessorio
2025-01-06,5642.5234,Acessorio
2025-01-07,150088.58,Acessorio
2025-01-08,117300.3,Acessorio
2025-01-09,101369.16,Acessorio
2025-01-10,89290.79,Acessorio
2025-01-11,204637.94,Acessorio
2025-01-12,67258.27,Acessorio
2025-01-13,45699.61,Acessorio
2025-01-14,178169.23,Acessorio
2025-01-15,36066.562,Acessorio
2025-01-16,13355.582,Acessorio
2025-01-17,51461.367,Acessorio
2025-01-18,60121.32,Acessorio
2025-01-19,25605.64,Acessorio
2025-01-20,105950.83,Acessorio
2025-01-21,43795.28,Acessorio
2025-01-22,83047.4,Acessorio
2025-01-23,52538.227,Acessorio
2025-01-24,114135.414,Acessorio
2025-01-25,99541.055,Acessorio
2025-01-26,63273.957,Acessorio
2025-01-27,46872.023,Acessorio
2025-01-28,60302.914,Acessorio
2025-01-29,31429.193,Acessorio
2025-01-30,64599.773,Acessorio
2025-01-31,70518.7,Acessorio
2025-02-01,98430.016,Acessorio
2025-02-02,22574.906,Acessorio
2025-02-03,33163.008,Acessorio
2025-02-04,46444.63,Acessorio
2025-02-05,79953.97,Acessorio
2025-02-06,68365.05,Acessorio
2025-02-07,42527.066,Acessorio
2025-02-08,106007.94,Acessorio
2025-02-09,57478.77,Acessorio
2025-02-10,62244.277,Acessorio
2025-02-11,87337.945,Acessorio
2025-02-12,88034.71,Acessorio
2025-02-13,93137.414,Acessorio
2025-02-14,61121.438,Acessorio
2025-02-15,104314.69,Acessorio
2025-02-16,45617.61,Acessorio
2025-02-17,78689.805,Acessorio
2025-02-18,65200.9,Acessorio
2025-02-19,42384.547,Acessorio
2025-02-20,52550.473,Acessorio
2025-02-21,83340.164,Acessorio
2025-02-22,121720.03,Acessorio
2025-02-23,49827.83,Acessorio
2025-02-24,48847.734,Acessorio
2025-02-25,78684.6,Acessorio
2025-02-26,51482.05,Acessorio
2025-02-27,36513.453,Acessorio
2025-02-28,102882.44,Acessorio
2025-03-01,67936.07,Acessorio
2025-03-02,31378.902,Acessorio
2025-03-03,15182.965,Acessorio
2025-03-04,46102.94,Acessorio
2025-03-05,73249.38,Acessorio
2025-03-06,48662.375,Acessorio
2025-03-07,73467.17,Acessorio
2025-03-08,60590.977,Acessorio
2025-03-09,19686.812,Acessorio
2025-03-10,48225.457,Acessorio
2025-03-11,38517.227,Acessorio
2025-03-12,89029.8,Acessorio
2025-03-13,103441.58,Acessorio
2025-03-14,85602.62,Acessorio
2025-03-15,63709.87,Acessorio
2025-03-16,15308.98,Acessorio
2025-03-17,47376.773,Acessorio
2025-03-18,59257.87,Acessorio
2025-03-19,77673.85,Acessorio
2025-03-20,67486.22,Acessorio
2025-03-21,54125.543,Acessorio
2025-03-22,73595.484,Acessorio
2025-03-23,45479.938,Acessorio
2025-03-24,62362.45,Acessorio
2025-03-25,64385.973,Acessorio
2025-03-26,62897.617,Acessorio
2025-03-27,93953.95,Acessorio
2025-03-28,122842.07,Acessorio
2025-03-29,70160.98,Acessorio
2025-03-30,68750.09,Acessorio
2025-03-31,60461.043,Acessorio
2025-04-01,66208.555,Acessorio
2025-04-02,47567.71,Acessorio
2025-04-03,68313.82,Acessorio
2025-04-04,62735.03,Acessorio
2025-04-05,59677.64,Acessorio
2025-04-06,39119.664,Acessorio
2025-04-07,59335.44,Acessorio
2025-04-08,36873.242,Acessorio
2025-04-09,61249.67,Acessorio
2025-04-10,76609.055,Acessorio
2025-04-11,73698.71,Acessorio
2025-04-12,79385.67,Acessorio
2025-04-13,77454.84,Acessorio
2025-04-14,21646.305,Acessorio
2025-04-15,60148.18,Acessorio
2025-04-16,50918.246,Acessorio
2025-04-17,60810.418,Acessorio
2025-04-18,84603.234,Acessorio
2025-04-19,61157.1,Acessorio
2025-04-20,43254.426,Acessorio
2025-04-21,68871.195,Acessorio
2025-04-22,91328.94,Acessorio
2025-04-23,91606.64,Acessorio
2025-04-24,48775.42,Acessorio
2025-04-25,61101.234,Acessorio
2025-04-26,74020.32,Acessorio
2025-04-27,53822.07,Acessorio
2025-04-28,64509.78,Acessorio
2025-04-29,64101.707,Acessorio
2025-04-30,70949.91,Acessorio
2025-05-01,68986.22,Acessorio
2025-05-02,58939.77,Acessorio
2025-05-03,76832.54,Acessorio
2025-05-04,61063.14,Acessorio
2025-05-05,46748.25,Acessorio
2025-05-06,36699.93,Acessorio
2025-05-07,67600.97,Acessorio
2025-05-08,72015.984,Acessorio
2025-05-09,80244.03,Acessorio
2025-05-10,55721.625,Acessorio
2025-05-11,54148.07,Acessorio
2025-05-12,69518.04,Acessorio
2025-05-13,55762.29,Acessorio
2025-05-14,72268.97,Acessorio
2025-05-15,65215.848,Acessorio
2025-05-16,59075.297,Acessorio
2025-05-17,78906.86,Acessorio
2025-05-18,44211.574,Acessorio
2025-05-19,69863.516,Acessorio
2025-05-20,58225.242,Acessorio
2025-05-21,69494.414,Acessorio
2025-05-22,68409.06,Acessorio
2025-05-23,96757.14,Acessorio
2025-05-24,48768.04,Acessorio
2025-05-25,5741.668,Acessorio
2025-05-26,78660.09,Acessorio
2025-05-27,69014.375,Acessorio
2025-05-28,59648.117,Acessorio
2025-05-29,65965.96,Acessorio
2025-05-30,52164.367,Acessorio
2025-05-31,63518.25,Acessorio
2025-06-01,77183.086,Acessorio
2025-06-02,74283.48,Acessorio
2025-06-03,85923.45,Acessorio
2025-06-04,52739.953,Acessorio
2025-06-05,89879.31,Acessorio
2025-06-06,70778.016,Acessorio
2025-06-07,164317.34,Acessorio
2025-06-08,42771.258,Acessorio
2025-06-09,42100.89,Acessorio
2025-06-10,70963.164,Acessorio
2025-06-11,163253.14,Acessorio
2025-06-12,93160.49,Acessorio
2025-06-13,61575.94,Acessorio
2025-06-14,121259.05,Acessorio
2025-06-15,34563.527,Acessorio
2025-06-16,36280.96,Acessorio
2025-06-17,67779.02,Acessorio
2025-06-18,67863.48,Acessorio
2025-06-19,31989.957,Acessorio
2025-06-20,80327.64,Acessorio
2025-06-21,55465.133,Acessorio
2025-06-22,13959.641,Acessorio
2025-06-23,82047.38,Acessorio
2025-06-24,50905.023,Acessorio
2025-06-25,51941.55,Acessorio
2025-06-26,75646.734,Acessorio
2025-06-27,108986.14,Acessorio
2025-06-28,87863.75,Acessorio
2025-06-29,52751.44,Acessorio
2025-06-30,55021.477,Acessorio
2025-07-01,63005.074,Acessorio
2025-07-02,101658.484,Acessorio
2025-07-03,151686.23,Acessorio
2025-07-04,107868.984,Acessorio
2025-07-05,94256.48,Acessorio
2025-07-06,57338.285,Acessorio
2025-07-07,77143.23,Acessorio
2025-07-08,97732.63,Acessorio
2025-07-09,102382.1,Acessorio
2025-07-10,115310.445,Acessorio
2025-07-11,61883.64,Acessorio
2025-07-12,29502.914,Acessorio
2025-07-13,-5657.668,Acessorio
2025-07-14,54957.82,Acessorio
2025-07-15,54460.17,Acessorio
2025-07-16,75124.11,Acessorio
2025-07-17,55737.008,Acessorio
2025-07-18,84862.28,Acessorio
2025-07-19,74960.09,Acessorio
2025-07-20,52211.594,Acessorio
2025-07-21,19906.418,Acessorio
2025-07-22,79434.17,Acessorio
2025-07-23,58360.516,Acessorio
2025-07-24,105612.3,Acessorio
2025-07-25,52267.258,Acessorio
2025-07-26,107927.195,Acessorio
2025-07-27,50314.94,Acessorio
2025-07-28,42235.1,Acessorio
2025-07-29,76460.91,Acessorio
2025-07-30,55240.24,Acessorio
2025-07-31,76154.36,Acessorio
2025-08-01,67600.46,Acessorio
2025-08-02,58029.477,Acessorio
2025-08-03,7239.129,Acessorio
2025-08-04,20356.812,Acessorio
2025-08-05,48230.65,Acessorio
2025-08-06,46429.695,Acessorio
2025-08-07,-7004.629,Acessorio
2025-08-08,53890.15,Acessorio
2025-08-09,36985.188,Acessorio
2025-08-10,45160.71,Acessorio
2025-08-11,45197.15,Acessorio
2025-08-12,92496.7,Acessorio
2025-08-13,10447.543,Acessorio
2025-08-14,5836.7266,Acessorio
2025-08-15,67946.766,Acessorio
2025-08-16,52465.18,Acessorio
2025-08-17,48005.117,Acessorio
2025-08-18,53785.67,Acessorio
2025-08-19,60520.195,Acessorio
2025-08-20,64451.004,Acessorio
2025-08-21,76310.5,Acessorio
2025-08-22,64250.39,Acessorio
2025-08-23,86936.19,Acessorio
2025-08-24,52506.06,Acessorio
2025-08-25,61783.516,Acessorio
2025-08-26,87549.516,Acessorio
2025-08-27,74014.41,Acessorio
2025-08-28,72791.76,Acessorio
2025-08-29,61846.406,Acessorio
2025-08-30,38583.9,Acessorio
2025-08-31,35917.484,Acessorio
2025-09-01,60368.37,Acessorio
2025-09-02,60151.24,Acessorio
2025-09-03,112615.44,Acessorio
2025-09-04,53618.293,Acessorio
2025-09-05,72129.29,Acessorio
2025-09-06,103670.47,Acessorio
2025-09-07,102849.734,Acessorio
2025-09-08,81727.336,Acessorio
2025-09-09,82471.3,Acessorio
2025-09-10,92394.695,Acessorio
2025-09-11,66032.23,Acessorio
2025-09-12,76173.66,Acessorio
2025-09-13,109984.64,Acessorio
2025-09-14,64202.223,Acessorio
2025-09-15,61129.637,Acessorio
2025-09-16,67766.68,Acessorio
2025-09-17,17894.18,Acessorio
2025-09-18,104493.59,Acessorio
2025-09-19,54876.203,Acessorio
2025-09-20,29.171875,Acessorio
2025-09-21,-5581.6445,Acessorio
2025-09-22,66695.445,Acessorio
2025-09-23,73544.47,Acessorio
2025-09-24,93618.56,Acessorio
2025-09-25,73266.71,Acessorio
2025-09-26,72061.28,Acessorio
2025-09-27,60551.25,Acessorio
2025-09-28,46225.777,Acessorio
2025-09-29,59324.586,Acessorio
2025-09-30,70806.805,Acessorio
2024-10-01,171486.97,Alfaiataria
2024-10-02,175643.23,Alfaiataria
2024-10-03,177889.31,Alfaiataria
2024-10-04,224120.6,Alfaiataria
2024-10-05,224428.4,Alfaiataria
2024-10-06,42175.42,Alfaiataria
2024-10-07,221846.11,Alfaiataria
2024-10-08,194438.34,Alfaiataria
2024-10-09,166429.16,Alfaiataria
2024-10-10,236089.22,Alfaiataria
2024-10-11,190681.61,Alfaiataria
2024-10-12,179518.11,Alfaiataria
2024-10-13,134096.58,Alfaiataria
2024-10-14,166315.34,Alfaiataria
2024-10-15,241632.22,Alfaiataria
2024-10-16,298916.97,Alfaiataria
2024-10-17,187982.97,Alfaiataria
2024-10-18,369398.56,Alfaiataria
2024-10-19,322189.22,Alfaiataria
2024-10-20,183526.22,Alfaiataria
2024-10-21,64887.2,Alfaiataria
2024-10-22,242223.44,Alfaiataria
2024-10-23,174419.22,Alfaiataria
2024-10-24,193128.48,Alfaiataria
2024-10-25,232924.47,Alfaiataria
2024-10-26,192087.81,Alfaiataria
2024-10-27,64796.22,Alfaiataria
2024-10-28,113338.33,Alfaiataria
2024-10-29,176214.0,Alfaiataria
2024-10-30,165482.17,Alfaiataria
2024-10-31,115653.94,Alfaiataria
2024-11-01,142667.12,Alfaiataria
2024-11-02,208001.1,Alfaiataria
2024-11-03,9392.523,Alfaiataria
2024-11-04,57273.273,Alfaiataria
2024-11-05,196344.9,Alfaiataria
2024-11-06,282422.38,Alfaiataria
2024-11-07,263777.56,Alfaiataria
2024-11-08,335100.97,Alfaiataria
2024-11-09,232943.62,Alfaiataria
2024-11-10,217753.05,Alfaiataria
2024-11-11,135766.44,Alfaiataria
2024-11-12,193350.67,Alfaiataria
2024-11-13,198700.9,Alfaiataria
2024-11-14,138051.75,Alfaiataria
2024-11-15,212610.12,Alfaiataria
2024-11-16,232774.83,Alfaiataria
2024-11-17,264224.53,Alfaiataria
2024-11-18,279964.3,Alfaiataria
2024-11-19,236717.78,Alfaiataria
2024-11-20,192415.58,Alfaiataria
2024-11-21,134879.3,Alfaiataria
2024-11-22,323398.3,Alfaiataria
2024-11-23,471057.25,Alfaiataria
2024-11-24,129184.24,Alfaiataria
2024-11-25,191723.73,Alfaiataria
2024-11-26,248750.67,Alfaiataria
2024-11-27,170294.66,Alfaiataria
2024-11-28,190931.12,Alfaiataria
2024-11-29,333203.88,Alfaiataria
2024-11-30,236857.66,Alfaiataria
2024-12-01,71561.08,Alfaiataria
2024-12-02,74934.63,Alfaiataria
2024-12-03,199362.88,Alfaiataria
2024-12-04,164255.38,Alfaiataria
2024-12-05,104906.69,Alfaiataria
2024-12-06,156180.48,Alfaiataria
2024-12-07,207376.44,Alfaiataria
2024-12-08,80220.52,Alfaiataria
2024-12-09,173256.02,Alfaiataria
2024-12-10,185538.52,Alfaiataria
2024-12-11,267347.84,Alfaiataria
2024-12-12,219249.94,Alfaiataria
2024-12-13,370905.47,Alfaiataria
2024-12-14,344163.1,Alfaiataria
2024-12-15,200284.92,Alfaiataria
2024-12-16,207544.44,Alfaiataria
2024-12-17,276500.53,Alfaiataria
2024-12-18,373665.38,Alfaiataria
2024-12-19,299010.06,Alfaiataria
2024-12-20,431050.22,Alfaiataria
2024-12-21,494674.22,Alfaiataria
2024-12-22,273975.97,Alfaiataria
2024-12-23,678730.4,Alfaiataria
2024-12-24,398831.4,Alfaiataria
2024-12-25,100951.78,Alfaiataria
2024-12-26,214365.7,Alfaiataria
2024-12-27,217497.69,Alfaiataria
2024-12-28,170070.14,Alfaiataria
2024-12-29,114611.02,Alfaiataria
2024-12-30,218998.19,Alfaiataria
2024-12-31,184997.42,Alfaiataria
2025-01-01,23262.367,Alfaiataria
2025-01-02,238107.9,Alfaiataria
2025-01-03,118239.95,Alfaiataria
2025-01-04,102677.83,Alfaiataria
2025-01-05,39547.9,Alfaiataria
2025-01-06,33539.35,Alfaiataria
2025-01-07,473301.6,Alfaiataria
2025-01-08,360752.1,Alfaiataria
2025-01-09,371452.16,Alfaiataria
2025-01-10,229767.97,Alfaiataria
2025-01-11,625383.56,Alfaiataria
2025-01-12,129041.875,Alfaiataria
2025-01-13,150425.05,Alfaiataria
2025-01-14,539775.9,Alfaiataria
2025-01-15,159009.8,Alfaiataria
2025-01-16,163612.19,Alfaiataria
2025-01-17,160709.5,Alfaiataria
2025-01-18,144639.84,Alfaiataria
2025-01-19,96640.49,Alfaiataria
2025-01-20,308613.47,Alfaiataria
2025-01-21,128887.57,Alfaiataria
2025-01-22,195148.0,Alfaiataria
2025-01-23,110877.125,Alfaiataria
2025-01-24,284937.9,Alfaiataria
2025-01-25,268470.25,Alfaiataria
2025-01-26,170580.47,Alfaiataria
2025-01-27,140395.92,Alfaiataria
2025-01-28,201930.39,Alfaiataria
2025-01-29,107542.0,Alfaiataria
2025-01-30,206276.34,Alfaiataria
2025-01-31,213721.56,Alfaiataria
2025-02-01,310877.88,Alfaiataria
2025-02-02,76219.8,Alfaiataria
2025-02-03,98949.48,Alfaiataria
2025-02-04,100716.2,Alfaiataria
2025-02-05,194057.48,Alfaiataria
2025-02-06,234356.25,Alfaiataria
2025-02-07,127624.99,Alfaiataria
2025-02-08,298136.56,Alfaiataria
2025-02-09,157553.28,Alfaiataria
2025-02-10,169746.92,Alfaiataria
2025-02-11,274911.5,Alfaiataria
2025-02-12,213159.11,Alfaiataria
2025-02-13,186747.03,Alfaiataria
2025-02-14,144773.9,Alfaiataria
2025-02-15,278423.1,Alfaiataria
2025-02-16,97075.8,Alfaiataria
2025-02-17,198731.9,Alfaiataria
2025-02-18,166202.61,Alfaiataria
2025-02-19,82963.33,Alfaiataria
2025-02-20,59756.86,Alfaiataria
2025-02-21,181576.92,Alfaiataria
2025-02-22,231522.62,Alfaiataria
2025-02-23,114068.6,Alfaiataria
2025-02-24,112223.766,Alfaiataria
2025-02-25,148040.44,Alfaiataria
2025-02-26,112043.06,Alfaiataria
2025-02-27,116452.76,Alfaiataria
2025-02-28,227724.72,Alfaiataria
2025-03-01,118788.53,Alfaiataria
2025-03-02,61059.242,Alfaiataria
2025-03-03,32059.484,Alfaiataria
2025-03-04,92015.72,Alfaiataria
2025-03-05,127932.266,Alfaiataria
2025-03-06,122968.62,Alfaiataria
2025-03-07,153721.48,Alfaiataria
2025-03-08,148036.72,Alfaiataria
2025-03-09,52326.055,Alfaiataria
2025-03-10,90574.3,Alfaiataria
2025-03-11,117895.92,Alfaiataria
2025-03-12,222539.9,Alfaiataria
2025-03-13,281669.4,Alfaiataria
2025-03-14,284483.25,Alfaiataria
2025-03-15,149407.14,Alfaiataria
2025-03-16,44542.133,Alfaiataria
2025-03-17,60495.383,Alfaiataria
2025-03-18,109188.88,Alfaiataria
2025-03-19,215367.88,Alfaiataria
2025-03-20,141858.0,Alfaiataria
2025-03-21,95174.98,Alfaiataria
2025-03-22,227272.53,Alfaiataria
2025-03-23,61450.438,Alfaiataria
2025-03-24,102874.375,Alfaiataria
2025-03-25,113227.29,Alfaiataria
2025-03-26,143926.81,Alfaiataria
2025-03-27,155251.5,Alfaiataria
2025-03-28,304194.3,Alfaiataria
2025-03-29,205125.7,Alfaiataria
2025-03-30,152956.45,Alfaiataria
2025-03-31,102778.72,Alfaiataria
2025-04-01,137658.6,Alfaiataria
2025-04-02,149478.31,Alfaiataria
2025-04-03,199945.66,Alfaiataria
2025-04-04,159126.55,Alfaiataria
2025-04-05,186299.6,Alfaiataria
2025-04-06,59982.08,Alfaiataria
2025-04-07,123782.46,Alfaiataria
2025-04-08,105947.1,Alfaiataria
2025-04-09,154473.84,Alfaiataria
2025-04-10,207050.25,Alfaiataria
2025-04-11,162535.06,Alfaiataria
2025-04-12,180764.02,Alfaiataria
2025-04-13,150529.81,Alfaiataria
2025-04-14,43302.97,Alfaiataria
2025-04-15,129589.125,Alfaiataria
2025-04-16,138723.53,Alfaiataria
2025-04-17,150492.97,Alfaiataria
2025-04-18,148764.97,Alfaiataria
2025-04-19,146669.66,Alfaiataria
2025-04-20,52439.93,Alfaiataria
2025-04-21,188753.78,Alfaiataria
2025-04-22,160979.11,Alfaiataria
2025-04-23,212607.48,Alfaiataria
2025-04-24,101506.414,Alfaiataria
2025-04-25,163783.8,Alfaiataria
2025-04-26,179393.52,Alfaiataria
2025-04-27,91215.36,Alfaiataria
2025-04-28,142193.3,Alfaiataria
2025-04-29,134644.66,Alfaiataria
2025-04-30,147366.56,Alfaiataria
2025-05-01,113552.95,Alfaiataria
2025-05-02,139579.08,Alfaiataria
2025-05-03,167356.4,Alfaiataria
2025-05-04,135005.47,Alfaiataria
2025-05-05,65219.66,Alfaiataria
2025-05-06,30792.492,Alfaiataria
2025-05-07,156143.48,Alfaiataria
2025-05-08,175218.19,Alfaiataria
2025-05-09,235814.14,Alfaiataria
2025-05-10,290506.38,Alfaiataria
2025-05-11,78713.96,Alfaiataria
2025-05-12,130589.61,Alfaiataria
2025-05-13,128254.94,Alfaiataria
2025-05-14,169011.39,Alfaiataria
2025-05-15,160636.34,Alfaiataria
2025-05-16,161827.39,Alfaiataria
2025-05-17,319208.97,Alfaiataria
2025-05-18,129554.625,Alfaiataria
2025-05-19,103606.82,Alfaiataria
2025-05-20,124403.0,Alfaiataria
2025-05-21,110541.4,Alfaiataria
2025-05-22,115311.88,Alfaiataria
2025-05-23,265568.66,Alfaiataria
2025-05-24,128975.38,Alfaiataria
2025-05-25,26707.297,Alfaiataria
2025-05-26,202184.94,Alfaiataria
2025-05-27,154868.4,Alfaiataria
2025-05-28,145908.1,Alfaiataria
2025-05-29,115283.78,Alfaiataria
2025-05-30,120890.97,Alfaiataria
2025-05-31,208856.4,Alfaiataria
2025-06-01,107048.89,Alfaiataria
2025-06-02,104522.44,Alfaiataria
2025-06-03,154216.8,Alfaiataria
2025-06-04,142148.2,Alfaiataria
2025-06-05,480652.56,Alfaiataria
2025-06-06,202743.19,Alfaiataria
2025-06-07,642326.1,Alfaiataria
2025-06-08,130102.82,Alfaiataria
2025-06-09,234819.14,Alfaiataria
2025-06-10,365431.62,Alfaiataria
2025-06-11,622527.06,Alfaiataria
2025-06-12,290691.94,Alfaiataria
2025-06-13,189659.5,Alfaiataria
2025-06-14,311492.88,Alfaiataria
2025-06-15,45134.047,Alfaiataria
2025-06-16,67607.42,Alfaiataria
2025-06-17,127481.016,Alfaiataria
2025-06-18,115794.05,Alfaiataria
2025-06-19,35601.125,Alfaiataria
2025-06-20,190130.83,Alfaiataria
2025-06-21,110080.83,Alfaiataria
2025-06-22,-13480.18,Alfaiataria
2025-06-23,199743.88,Alfaiataria
2025-06-24,122337.766,Alfaiataria
2025-06-25,181444.11,Alfaiataria
2025-06-26,135549.25,Alfaiataria
2025-06-27,305246.5,Alfaiataria
2025-06-28,311203.88,Alfaiataria
2025-06-29,105572.64,Alfaiataria
2025-06-30,97689.27,Alfaiataria
2025-07-01,184332.8,Alfaiataria
2025-07-02,206091.28,Alfaiataria
2025-07-03,407431.53,Alfaiataria
2025-07-04,283464.0,Alfaiataria
2025-07-05,270422.97,Alfaiataria
2025-07-06,112913.36,Alfaiataria
2025-07-07,213198.89,Alfaiataria
2025-07-08,243861.6,Alfaiataria
2025-07-09,207931.31,Alfaiataria
2025-07-10,264620.84,Alfaiataria
2025-07-11,111098.81,Alfaiataria
2025-07-12,14856.289,Alfaiataria
2025-07-13,-29149.258,Alfaiataria
2025-07-14,92898.16,Alfaiataria
2025-07-15,128960.3,Alfaiataria
2025-07-16,124255.086,Alfaiataria
2025-07-17,160903.11,Alfaiataria
2025-07-18,210425.77,Alfaiataria
2025-07-19,138783.44,Alfaiataria
2025-07-20,98064.78,Alfaiataria
2025-07-21,41991.1,Alfaiataria
2025-07-22,120149.266,Alfaiataria
2025-07-23,122000.64,Alfaiataria
2025-07-24,232436.03,Alfaiataria
2025-07-25,67794.445,Alfaiataria
2025-07-26,170464.44,Alfaiataria
2025-07-27,60988.04,Alfaiataria
2025-07-28,101364.76,Alfaiataria
2025-07-29,194086.8,Alfaiataria
2025-07-30,171923.39,Alfaiataria
2025-07-31,103877.32,Alfaiataria
2025-08-01,132339.28,Alfaiataria
2025-08-02,95076.305,Alfaiataria
2025-08-03,-63624.977,Alfaiataria
2025-08-04,-19240.602,Alfaiataria
2025-08-05,194867.42,Alfaiataria
2025-08-06,139886.47,Alfaiataria
2025-08-07,23392.758,Alfaiataria
2025-08-08,86859.17,Alfaiataria
2025-08-09,93500.89,Alfaiataria
2025-08-10,48846.36,Alfaiataria
2025-08-11,71895.95,Alfaiataria
2025-08-12,203166.16,Alfaiataria
2025-08-13,-47720.773,Alfaiataria
2025-08-14,-7385.164,Alfaiataria
2025-08-15,96480.68,Alfaiataria
2025-08-16,78278.95,Alfaiataria
2025-08-17,92070.17,Alfaiataria
2025-08-18,125423.22,Alfaiataria
2025-08-19,125708.46,Alfaiataria
2025-08-20,135680.83,Alfaiataria
2025-08-21,176424.03,Alfaiataria
2025-08-22,135973.19,Alfaiataria
2025-08-23,191386.02,Alfaiataria
2025-08-24,47092.21,Alfaiataria
2025-08-25,168748.98,Alfaiataria
2025-08-26,205289.69,Alfaiataria
2025-08-27,90645.086,Alfaiataria
2025-08-28,110878.69,Alfaiataria
2025-08-29,81162.24,Alfaiataria
2025-08-30,-6225.7266,Alfaiataria
2025-08-31,58897.477,Alfaiataria
2025-09-01,108505.22,Alfaiataria
2025-09-02,194982.94,Alfaiataria
2025-09-03,240428.31,Alfaiataria
2025-09-04,1569.8516,Alfaiataria
2025-09-05,105898.89,Alfaiataria
2025-09-06,203515.0,Alfaiataria
2025-09-07,138484.62,Alfaiataria
2025-09-08,133580.17,Alfaiataria
2025-09-09,158786.4,Alfaiataria
2025-09-10,209456.81,Alfaiataria
2025-09-11,111930.66,Alfaiataria
2025-09-12,147358.1,Alfaiataria
2025-09-13,212106.98,Alfaiataria
2025-09-14,129315.99,Alfaiataria
2025-09-15,134084.97,Alfaiataria
2025-09-16,66839.97,Alfaiataria
2025-09-17,27075.242,Alfaiataria
2025-09-18,211541.34,Alfaiataria
2025-09-19,88768.44,Alfaiataria
2025-09-20,-10607.602,Alfaiataria
2025-09-21,-63806.82,Alfaiataria
2025-09-22,113536.4,Alfaiataria
2025-09-23,150721.27,Alfaiataria
2025-09-24,143122.48,Alfaiataria
2025-09-25,114403.54,Alfaiataria
2025-09-26,142518.67,Alfaiataria
2025-09-27,201353.11,Alfaiataria
2025-09-28,81969.54,Alfaiataria
2025-09-29,109931.77,Alfaiataria
2025-09-30,110480.84,Alfaiataria
2024-10-01,223979.19,Casual/Ville/Tricot/Moda
2024-10-02,329444.03,Casual/Ville/Tricot/Moda
2024-10-03,319870.62,Casual/Ville/Tricot/Moda
2024-10-04,406850.8,Casual/Ville/Tricot/Moda
2024-10-05,386970.97,Casual/Ville/Tricot/Moda
2024-10-06,68146.625,Casual/Ville/Tricot/Moda
2024-10-07,397585.84,Casual/Ville/Tricot/Moda
2024-10-08,354175.25,Casual/Ville/Tricot/Moda
2024-10-09,275350.75,Casual/Ville/Tricot/Moda
2024-10-10,381068.12,Casual/Ville/Tricot/Moda
2024-10-11,366876.7,Casual/Ville/Tricot/Moda
2024-10-12,311939.2,Casual/Ville/Tricot/Moda
2024-10-13,255163.4,Casual/Ville/Tricot/Moda
2024-10-14,319869.22,Casual/Ville/Tricot/Moda
2024-10-15,480636.3,Casual/Ville/Tricot/Moda
2024-10-16,519453.44,Casual/Ville/Tricot/Moda
2024-10-17,319847.12,Casual/Ville/Tricot/Moda
2024-10-18,661804.9,Casual/Ville/Tricot/Moda
2024-10-19,586895.3,Casual/Ville/Tricot/Moda
2024-10-20,326030.2,Casual/Ville/Tricot/Moda
2024-10-21,183694.44,Casual/Ville/Tricot/Moda
2024-10-22,432866.53,Casual/Ville/Tricot/Moda
2024-10-23,338045.03,Casual/Ville/Tricot/Moda
2024-10-24,373873.7,Casual/Ville/Tricot/Moda
2024-10-25,386906.7,Casual/Ville/Tricot/Moda
2024-10-26,350915.0,Casual/Ville/Tricot/Moda
2024-10-27,128080.91,Casual/Ville/Tricot/Moda
2024-10-28,228653.03,Casual/Ville/Tricot/Moda
2024-10-29,308610.75,Casual/Ville/Tricot/Moda
2024-10-30,328668.62,Casual/Ville/Tricot/Moda
2024-10-31,260308.06,Casual/Ville/Tricot/Moda
2024-11-01,284213.3,Casual/Ville/Tricot/Moda
2024-11-02,375316.78,Casual/Ville/Tricot/Moda
2024-11-03,17539.344,Casual/Ville/Tricot/Moda
2024-11-04,119692.34,Casual/Ville/Tricot/Moda
2024-11-05,384896.84,Casual/Ville/Tricot/Moda
2024-11-06,540627.5,Casual/Ville/Tricot/Moda
2024-11-07,526973.1,Casual/Ville/Tricot/Moda
2024-11-08,609285.5,Casual/Ville/Tricot/Moda
2024-11-09,451249.1,Casual/Ville/Tricot/Moda
2024-11-10,419394.97,Casual/Ville/Tricot/Moda
2024-11-11,262314.28,Casual/Ville/Tricot/Moda
2024-11-12,396344.62,Casual/Ville/Tricot/Moda
2024-11-13,409878.12,Casual/Ville/Tricot/Moda
2024-11-14,289327.6,Casual/Ville/Tricot/Moda
2024-11-15,406307.06,Casual/Ville/Tricot/Moda
2024-11-16,464345.12,Casual/Ville/Tricot/Moda
2024-11-17,478518.56,Casual/Ville/Tricot/Moda
2024-11-18,548903.44,Casual/Ville/Tricot/Moda
2024-11-19,463256.94,Casual/Ville/Tricot/Moda
2024-11-20,389342.28,Casual/Ville/Tricot/Moda
2024-11-21,261913.53,Casual/Ville/Tricot/Moda
2024-11-22,633992.25,Casual/Ville/Tricot/Moda
2024-11-23,933220.6,Casual/Ville/Tricot/Moda
2024-11-24,273290.25,Casual/Ville/Tricot/Moda
2024-11-25,383885.22,Casual/Ville/Tricot/Moda
2024-11-26,541705.7,Casual/Ville/Tricot/Moda
2024-11-27,395120.2,Casual/Ville/Tricot/Moda
2024-11-28,440572.88,Casual/Ville/Tricot/Moda
2024-11-29,687463.25,Casual/Ville/Tricot/Moda
2024-11-30,458717.8,Casual/Ville/Tricot/Moda
2024-12-01,147141.17,Casual/Ville/Tricot/Moda
2024-12-02,152916.69,Casual/Ville/Tricot/Moda
2024-12-03,397169.0,Casual/Ville/Tricot/Moda
2024-12-04,346044.4,Casual/Ville/Tricot/Moda
2024-12-05,244385.53,Casual/Ville/Tricot/Moda
2024-12-06,337165.78,Casual/Ville/Tricot/Moda
2024-12-07,416596.34,Casual/Ville/Tricot/Moda
2024-12-08,159383.84,Casual/Ville/Tricot/Moda
2024-12-09,349790.2,Casual/Ville/Tricot/Moda
2024-12-10,401994.72,Casual/Ville/Tricot/Moda
2024-12-11,565464.25,Casual/Ville/Tricot/Moda
2024-12-12,434634.72,Casual/Ville/Tricot/Moda
2024-12-13,787425.56,Casual/Ville/Tricot/Moda
2024-12-14,730009.6,Casual/Ville/Tricot/Moda
2024-12-15,420605.16,Casual/Ville/Tricot/Moda
2024-12-16,409647.5,Casual/Ville/Tricot/Moda
2024-12-17,569528.94,Casual/Ville/Tricot/Moda
2024-12-18,696424.5,Casual/Ville/Tricot/Moda
2024-12-19,619034.75,Casual/Ville/Tricot/Moda
2024-12-20,854054.9,Casual/Ville/Tricot/Moda
2024-12-21,1018047.75,Casual/Ville/Tricot/Moda
2024-12-22,557217.25,Casual/Ville/Tricot/Moda
2024-12-23,1399230.0,Casual/Ville/Tricot/Moda
2024-12-24,850766.2,Casual/Ville/Tricot/Moda
2024-12-25,249363.0,Casual/Ville/Tricot/Moda
2024-12-26,423185.1,Casual/Ville/Tricot/Moda
2024-12-27,476162.88,Casual/Ville/Tricot/Moda
2024-12-28,340988.6,Casual/Ville/Tricot/Moda
2024-12-29,254751.78,Casual/Ville/Tricot/Moda
2024-12-30,502858.62,Casual/Ville/Tricot/Moda
2024-12-31,384719.6,Casual/Ville/Tricot/Moda
2025-01-01,69112.61,Casual/Ville/Tricot/Moda
2025-01-02,478123.4,Casual/Ville/Tricot/Moda
2025-01-03,240612.03,Casual/Ville/Tricot/Moda
2025-01-04,224340.0,Casual/Ville/Tricot/Moda
2025-01-05,120086.28,Casual/Ville/Tricot/Moda
2025-01-06,95730.78,Casual/Ville/Tricot/Moda
2025-01-07,1001633.2,Casual/Ville/Tricot/Moda
2025-01-08,785744.0,Casual/Ville/Tricot/Moda
2025-01-09,819411.75,Casual/Ville/Tricot/Moda
2025-01-10,481145.06,Casual/Ville/Tricot/Moda
2025-01-11,1340295.0,Casual/Ville/Tricot/Moda
2025-01-12,293283.78,Casual/Ville/Tricot/Moda
2025-01-13,358577.03,Casual/Ville/Tricot/Moda
2025-01-14,1184897.4,Casual/Ville/Tricot/Moda
2025-01-15,369358.75,Casual/Ville/Tricot/Moda
2025-01-16,381317.5,Casual/Ville/Tricot/Moda
2025-01-17,337565.75,Casual/Ville/Tricot/Moda
2025-01-18,352278.8,Casual/Ville/Tricot/Moda
2025-01-19,180976.78,Casual/Ville/Tricot/Moda
2025-01-20,711821.5,Casual/Ville/Tricot/Moda
2025-01-21,302379.28,Casual/Ville/Tricot/Moda
2025-01-22,476100.9,Casual/Ville/Tricot/Moda
2025-01-23,274902.62,Casual/Ville/Tricot/Moda
2025-01-24,637449.0,Casual/Ville/Tricot/Moda
2025-01-25,612841.4,Casual/Ville/Tricot/Moda
2025-01-26,391383.8,Casual/Ville/Tricot/Moda
2025-01-27,320541.47,Casual/Ville/Tricot/Moda
2025-01-28,474983.12,Casual/Ville/Tricot/Moda
2025-01-29,281663.72,Casual/Ville/Tricot/Moda
2025-01-30,489952.38,Casual/Ville/Tricot/Moda
2025-01-31,504203.44,Casual/Ville/Tricot/Moda
2025-02-01,709340.44,Casual/Ville/Tricot/Moda
2025-02-02,129588.69,Casual/Ville/Tricot/Moda
2025-02-03,257778.48,Casual/Ville/Tricot/Moda
2025-02-04,245155.31,Casual/Ville/Tricot/Moda
2025-02-05,438916.3,Casual/Ville/Tricot/Moda
2025-02-06,534534.75,Casual/Ville/Tricot/Moda
2025-02-07,346347.38,Casual/Ville/Tricot/Moda
2025-02-08,677071.2,Casual/Ville/Tricot/Moda
2025-02-09,330677.53,Casual/Ville/Tricot/Moda
2025-02-10,375784.47,Casual/Ville/Tricot/Moda
2025-02-11,598139.94,Casual/Ville/Tricot/Moda
2025-02-12,534989.4,Casual/Ville/Tricot/Moda
2025-02-13,471098.97,Casual/Ville/Tricot/Moda
2025-02-14,369503.53,Casual/Ville/Tricot/Moda
2025-02-15,606003.25,Casual/Ville/Tricot/Moda
2025-02-16,223145.03,Casual/Ville/Tricot/Moda
2025-02-17,483767.3,Casual/Ville/Tricot/Moda
2025-02-18,352669.5,Casual/Ville/Tricot/Moda
2025-02-19,221047.2,Casual/Ville/Tricot/Moda
2025-02-20,180197.05,Casual/Ville/Tricot/Moda
2025-02-21,392378.16,Casual/Ville/Tricot/Moda
2025-02-22,512039.44,Casual/Ville/Tricot/Moda
2025-02-23,255164.67,Casual/Ville/Tricot/Moda
2025-02-24,234979.62,Casual/Ville/Tricot/Moda
2025-02-25,361647.75,Casual/Ville/Tricot/Moda
2025-02-26,285753.06,Casual/Ville/Tricot/Moda
2025-02-27,257278.45,Casual/Ville/Tricot/Moda
2025-02-28,544560.4,Casual/Ville/Tricot/Moda
2025-03-01,308339.8,Casual/Ville/Tricot/Moda
2025-03-02,128700.44,Casual/Ville/Tricot/Moda
2025-03-03,89110.31,Casual/Ville/Tricot/Moda
2025-03-04,200530.56,Casual/Ville/Tricot/Moda
2025-03-05,249795.6,Casual/Ville/Tricot/Moda
2025-03-06,266663.47,Casual/Ville/Tricot/Moda
2025-03-07,347395.8,Casual/Ville/Tricot/Moda
2025-03-08,382480.0,Casual/Ville/Tricot/Moda
2025-03-09,145515.45,Casual/Ville/Tricot/Moda
2025-03-10,212352.56,Casual/Ville/Tricot/Moda
2025-03-11,231485.64,Casual/Ville/Tricot/Moda
2025-03-12,466670.2,Casual/Ville/Tricot/Moda
2025-03-13,577633.5,Casual/Ville/Tricot/Moda
2025-03-14,565070.56,Casual/Ville/Tricot/Moda
2025-03-15,320191.75,Casual/Ville/Tricot/Moda
2025-03-16,103653.39,Casual/Ville/Tricot/Moda
2025-03-17,130788.94,Casual/Ville/Tricot/Moda
2025-03-18,267668.28,Casual/Ville/Tricot/Moda
2025-03-19,473832.25,Casual/Ville/Tricot/Moda
2025-03-20,288602.72,Casual/Ville/Tricot/Moda
2025-03-21,258249.66,Casual/Ville/Tricot/Moda
2025-03-22,540154.0,Casual/Ville/Tricot/Moda
2025-03-23,157942.7,Casual/Ville/Tricot/Moda
2025-03-24,254158.97,Casual/Ville/Tricot/Moda
2025-03-25,336372.1,Casual/Ville/Tricot/Moda
2025-03-26,301691.6,Casual/Ville/Tricot/Moda
2025-03-27,375391.03,Casual/Ville/Tricot/Moda
2025-03-28,663584.4,Casual/Ville/Tricot/Moda
2025-03-29,476749.12,Casual/Ville/Tricot/Moda
2025-03-30,318611.53,Casual/Ville/Tricot/Moda
2025-03-31,248638.88,Casual/Ville/Tricot/Moda
2025-04-01,299823.7,Casual/Ville/Tricot/Moda
2025-04-02,341333.22,Casual/Ville/Tricot/Moda
2025-04-03,437218.34,Casual/Ville/Tricot/Moda
2025-04-04,370494.3,Casual/Ville/Tricot/Moda
2025-04-05,414347.25,Casual/Ville/Tricot/Moda
2025-04-06,148626.89,Casual/Ville/Tricot/Moda
2025-04-07,335973.53,Casual/Ville/Tricot/Moda
2025-04-08,249560.45,Casual/Ville/Tricot/Moda
2025-04-09,413639.62,Casual/Ville/Tricot/Moda
2025-04-10,446069.38,Casual/Ville/Tricot/Moda
2025-04-11,384760.97,Casual/Ville/Tricot/Moda
2025-04-12,452918.12,Casual/Ville/Tricot/Moda
2025-04-13,333910.03,Casual/Ville/Tricot/Moda
2025-04-14,113014.2,Casual/Ville/Tricot/Moda
2025-04-15,331359.5,Casual/Ville/Tricot/Moda
2025-04-16,326539.06,Casual/Ville/Tricot/Moda
2025-04-17,332322.03,Casual/Ville/Tricot/Moda
2025-04-18,340063.97,Casual/Ville/Tricot/Moda
2025-04-19,343017.66,Casual/Ville/Tricot/Moda
2025-04-20,112678.28,Casual/Ville/Tricot/Moda
2025-04-21,404120.12,Casual/Ville/Tricot/Moda
2025-04-22,371125.06,Casual/Ville/Tricot/Moda
2025-04-23,469098.53,Casual/Ville/Tricot/Moda
2025-04-24,250105.88,Casual/Ville/Tricot/Moda
2025-04-25,376834.38,Casual/Ville/Tricot/Moda
2025-04-26,457737.28,Casual/Ville/Tricot/Moda
2025-04-27,224049.72,Casual/Ville/Tricot/Moda
2025-04-28,354144.25,Casual/Ville/Tricot/Moda
2025-04-29,319503.72,Casual/Ville/Tricot/Moda
2025-04-30,363455.9,Casual/Ville/Tricot/Moda
2025-05-01,263689.28,Casual/Ville/Tricot/Moda
2025-05-02,308683.8,Casual/Ville/Tricot/Moda
2025-05-03,356175.53,Casual/Ville/Tricot/Moda
2025-05-04,277107.5,Casual/Ville/Tricot/Moda
2025-05-05,190916.12,Casual/Ville/Tricot/Moda
2025-05-06,141022.48,Casual/Ville/Tricot/Moda
2025-05-07,395690.9,Casual/Ville/Tricot/Moda
2025-05-08,397803.44,Casual/Ville/Tricot/Moda
2025-05-09,533304.25,Casual/Ville/Tricot/Moda
2025-05-10,575981.1,Casual/Ville/Tricot/Moda
2025-05-11,192924.69,Casual/Ville/Tricot/Moda
2025-05-12,333585.4,Casual/Ville/Tricot/Moda
2025-05-13,274676.8,Casual/Ville/Tricot/Moda
2025-05-14,413786.7,Casual/Ville/Tricot/Moda
2025-05-15,373313.22,Casual/Ville/Tricot/Moda
2025-05-16,369256.16,Casual/Ville/Tricot/Moda
2025-05-17,625232.1,Casual/Ville/Tricot/Moda
2025-05-18,296000.75,Casual/Ville/Tricot/Moda
2025-05-19,305141.22,Casual/Ville/Tricot/Moda
2025-05-20,314363.7,Casual/Ville/Tricot/Moda
2025-05-21,322466.4,Casual/Ville/Tricot/Moda
2025-05-22,281747.38,Casual/Ville/Tricot/Moda
2025-05-23,550649.6,Casual/Ville/Tricot/Moda
2025-05-24,325771.4,Casual/Ville/Tricot/Moda
2025-05-25,100106.91,Casual/Ville/Tricot/Moda
2025-05-26,461643.2,Casual/Ville/Tricot/Moda
2025-05-27,367404.44,Casual/Ville/Tricot/Moda
2025-05-28,311076.22,Casual/Ville/Tricot/Moda
2025-05-29,338002.7,Casual/Ville/Tricot/Moda
2025-05-30,318300.12,Casual/Ville/Tricot/Moda
2025-05-31,445444.3,Casual/Ville/Tricot/Moda
2025-06-01,298579.56,Casual/Ville/Tricot/Moda
2025-06-02,284135.94,Casual/Ville/Tricot/Moda
2025-06-03,387043.56,Casual/Ville/Tricot/Moda
2025-06-04,343543.47,Casual/Ville/Tricot/Moda
2025-06-05,887782.3,Casual/Ville/Tricot/Moda
2025-06-06,419352.94,Casual/Ville/Tricot/Moda
2025-06-07,1188879.2,Casual/Ville/Tricot/Moda
2025-06-08,242143.78,Casual/Ville/Tricot/Moda
2025-06-09,393882.53,Casual/Ville/Tricot/Moda
2025-06-10,641288.6,Casual/Ville/Tricot/Moda
2025-06-11,1218585.8,Casual/Ville/Tricot/Moda
2025-06-12,627839.94,Casual/Ville/Tricot/Moda
2025-06-13,375826.56,Casual/Ville/Tricot/Moda
2025-06-14,657116.25,Casual/Ville/Tricot/Moda
2025-06-15,162816.66,Casual/Ville/Tricot/Moda
2025-06-16,204505.4,Casual/Ville/Tricot/Moda
2025-06-17,338535.7,Casual/Ville/Tricot/Moda
2025-06-18,273244.34,Casual/Ville/Tricot/Moda
2025-06-19,115397.234,Casual/Ville/Tricot/Moda
2025-06-20,414525.16,Casual/Ville/Tricot/Moda
2025-06-21,276524.44,Casual/Ville/Tricot/Moda
2025-06-22,72492.09,Casual/Ville/Tricot/Moda
2025-06-23,434959.12,Casual/Ville/Tricot/Moda
2025-06-24,296520.94,Casual/Ville/Tricot/Moda
2025-06-25,326515.3,Casual/Ville/Tricot/Moda
2025-06-26,342600.0,Casual/Ville/Tricot/Moda
2025-06-27,613964.4,Casual/Ville/Tricot/Moda
2025-06-28,616775.6,Casual/Ville/Tricot/Moda
2025-06-29,253701.98,Casual/Ville/Tricot/Moda
2025-06-30,283456.94,Casual/Ville/Tricot/Moda
2025-07-01,368089.38,Casual/Ville/Tricot/Moda
2025-07-02,481618.28,Casual/Ville/Tricot/Moda
2025-07-03,802071.5,Casual/Ville/Tricot/Moda
2025-07-04,571834.3,Casual/Ville/Tricot/Moda
2025-07-05,573626.1,Casual/Ville/Tricot/Moda
2025-07-06,245293.62,Casual/Ville/Tricot/Moda
2025-07-07,441408.88,Casual/Ville/Tricot/Moda
2025-07-08,499188.2,Casual/Ville/Tricot/Moda
2025-07-09,474924.6,Casual/Ville/Tricot/Moda
2025-07-10,568887.25,Casual/Ville/Tricot/Moda
2025-07-11,280996.03,Casual/Ville/Tricot/Moda
2025-07-12,83326.06,Casual/Ville/Tricot/Moda
2025-07-13,-37824.844,Casual/Ville/Tricot/Moda
2025-07-14,242720.22,Casual/Ville/Tricot/Moda
2025-07-15,268950.75,Casual/Ville/Tricot/Moda
2025-07-16,313601.8,Casual/Ville/Tricot/Moda
2025-07-17,323235.8,Casual/Ville/Tricot/Moda
2025-07-18,421661.06,Casual/Ville/Tricot/Moda
2025-07-19,335047.2,Casual/Ville/Tricot/Moda
2025-07-20,231250.06,Casual/Ville/Tricot/Moda
2025-07-21,96629.83,Casual/Ville/Tricot/Moda
2025-07-22,325741.9,Casual/Ville/Tricot/Moda
2025-07-23,305909.22,Casual/Ville/Tricot/Moda
2025-07-24,471215.7,Casual/Ville/Tricot/Moda
2025-07-25,197496.0,Casual/Ville/Tricot/Moda
2025-07-26,425713.0,Casual/Ville/Tricot/Moda
2025-07-27,162162.45,Casual/Ville/Tricot/Moda
2025-07-28,209969.25,Casual/Ville/Tricot/Moda
2025-07-29,383734.72,Casual/Ville/Tricot/Moda
2025-07-30,382527.3,Casual/Ville/Tricot/Moda
2025-07-31,272407.97,Casual/Ville/Tricot/Moda
2025-08-01,282960.1,Casual/Ville/Tricot/Moda
2025-08-02,243581.6,Casual/Ville/Tricot/Moda
2025-08-03,-54510.312,Casual/Ville/Tricot/Moda
2025-08-04,45743.906,Casual/Ville/Tricot/Moda
2025-08-05,367685.03,Casual/Ville/Tricot/Moda
2025-08-06,311138.72,Casual/Ville/Tricot/Moda
2025-08-07,88476.92,Casual/Ville/Tricot/Moda
2025-08-08,239195.78,Casual/Ville/Tricot/Moda
2025-08-09,252054.58,Casual/Ville/Tricot/Moda
2025-08-10,143751.58,Casual/Ville/Tricot/Moda
2025-08-11,198383.1,Casual/Ville/Tricot/Moda
2025-08-12,417584.53,Casual/Ville/Tricot/Moda
2025-08-13,-109.0,Casual/Ville/Tricot/Moda
2025-08-14,4795.625,Casual/Ville/Tricot/Moda
2025-08-15,223917.75,Casual/Ville/Tricot/Moda
2025-08-16,228948.58,Casual/Ville/Tricot/Moda
2025-08-17,200023.16,Casual/Ville/Tricot/Moda
2025-08-18,300164.62,Casual/Ville/Tricot/Moda
2025-08-19,298236.03,Casual/Ville/Tricot/Moda
2025-08-20,303374.44,Casual/Ville/Tricot/Moda
2025-08-21,348771.9,Casual/Ville/Tricot/Moda
2025-08-22,324041.84,Casual/Ville/Tricot/Moda
2025-08-23,431966.8,Casual/Ville/Tricot/Moda
2025-08-24,168640.78,Casual/Ville/Tricot/Moda
2025-08-25,332027.44,Casual/Ville/Tricot/Moda
2025-08-26,446411.75,Casual/Ville/Tricot/Moda
2025-08-27,257067.5,Casual/Ville/Tricot/Moda
2025-08-28,280343.84,Casual/Ville/Tricot/Moda
2025-08-29,156578.92,Casual/Ville/Tricot/Moda
2025-08-30,60547.156,Casual/Ville/Tricot/Moda
2025-08-31,139873.78,Casual/Ville/Tricot/Moda
2025-09-01,255027.69,Casual/Ville/Tricot/Moda
2025-09-02,381801.25,Casual/Ville/Tricot/Moda
2025-09-03,559728.3,Casual/Ville/Tricot/Moda
2025-09-04,132128.2,Casual/Ville/Tricot/Moda
2025-09-05,324531.12,Casual/Ville/Tricot/Moda
2025-09-06,471171.8,Casual/Ville/Tricot/Moda
2025-09-07,395240.7,Casual/Ville/Tricot/Moda
2025-09-08,330240.25,Casual/Ville/Tricot/Moda
2025-09-09,357365.7,Casual/Ville/Tricot/Moda
2025-09-10,423620.84,Casual/Ville/Tricot/Moda
2025-09-11,308132.38,Casual/Ville/Tricot/Moda
2025-09-12,352602.22,Casual/Ville/Tricot/Moda
2025-09-13,541790.06,Casual/Ville/Tricot/Moda
2025-09-14,278424.5,Casual/Ville/Tricot/Moda
2025-09-15,299797.1,Casual/Ville/Tricot/Moda
2025-09-16,237343.2,Casual/Ville/Tricot/Moda
2025-09-17,89010.266,Casual/Ville/Tricot/Moda
2025-09-18,459168.12,Casual/Ville/Tricot/Moda
2025-09-19,216283.9,Casual/Ville/Tricot/Moda
2025-09-20,14774.8125,Casual/Ville/Tricot/Moda
2025-09-21,-69760.44,Casual/Ville/Tricot/Moda
2025-09-22,310004.94,Casual/Ville/Tricot/Moda
2025-09-23,346638.7,Casual/Ville/Tricot/Moda
2025-09-24,371901.8,Casual/Ville/Tricot/Moda
2025-09-25,327674.38,Casual/Ville/Tricot/Moda
2025-09-26,319295.72,Casual/Ville/Tricot/Moda
2025-09-27,394542.97,Casual/Ville/Tricot/Moda
2025-09-28,223748.5,Casual/Ville/Tricot/Moda
2025-09-29,251757.2,Casual/Ville/Tricot/Moda
2025-09-30,291589.53,Casual/Ville/Tricot/Moda
2024-10-01,71370.89,Couro
2024-10-02,47477.414,Couro
2024-10-03,51842.4,Couro
2024-10-04,57830.79,Couro
2024-10-05,68122.12,Couro
2024-10-06,14656.275,Couro
2024-10-07,58351.883,Couro
2024-10-08,55861.04,Couro
2024-10-09,49905.17,Couro
2024-10-10,71765.33,Couro
2024-10-11,64195.836,Couro
2024-10-12,54295.047,Couro
2024-10-13,21786.309,Couro
2024-10-14,39664.336,Couro
2024-10-15,54500.78,Couro
2024-10-16,89904.25,Couro
2024-10-17,52040.58,Couro
2024-10-18,90576.93,Couro
2024-10-19,94706.85,Couro
2024-10-20,40751.336,Couro
2024-10-21,16339.018,Couro
2024-10-22,68926.95,Couro
2024-10-23,40451.477,Couro
2024-10-24,56612.117,Couro
2024-10-25,69332.63,Couro
2024-10-26,61085.227,Couro
2024-10-27,15904.356,Couro
2024-10-28,32072.176,Couro
2024-10-29,46830.633,Couro
2024-10-30,40987.25,Couro
2024-10-31,18687.43,Couro
2024-11-01,29766.371,Couro
2024-11-02,47366.54,Couro
2024-11-03,-5994.0723,Couro
2024-11-04,16009.833,Couro
2024-11-05,42763.07,Couro
2024-11-06,75844.87,Couro
2024-11-07,64719.906,Couro
2024-11-08,86333.06,Couro
2024-11-09,69142.91,Couro
2024-11-10,55165.14,Couro
2024-11-11,33693.62,Couro
2024-11-12,44575.375,Couro
2024-11-13,41826.812,Couro
2024-11-14,35100.97,Couro
2024-11-15,47313.47,Couro
2024-11-16,57198.39,Couro
2024-11-17,68978.06,Couro
2024-11-18,60130.97,Couro
2024-11-19,53737.68,Couro
2024-11-20,46690.89,Couro
2024-11-21,25472.283,Couro
2024-11-22,80676.125,Couro
2024-11-23,115097.71,Couro
2024-11-24,27384.848,Couro
2024-11-25,38438.484,Couro
2024-11-26,57339.766,Couro
2024-11-27,34185.523,Couro
2024-11-28,47845.773,Couro
2024-11-29,81787.4,Couro
2024-11-30,48508.523,Couro
2024-12-01,10089.383,Couro
2024-12-02,10904.081,Couro
2024-12-03,48346.53,Couro
2024-12-04,40433.36,Couro
2024-12-05,13138.355,Couro
2024-12-06,30207.08,Couro
2024-12-07,53781.484,Couro
2024-12-08,7060.8726,Couro
2024-12-09,28134.99,Couro
2024-12-10,43863.516,Couro
2024-12-11,55092.438,Couro
2024-12-12,57537.78,Couro
2024-12-13,89209.86,Couro
2024-12-14,85004.06,Couro
2024-12-15,47942.65,Couro
2024-12-16,40680.695,Couro
2024-12-17,67805.68,Couro
2024-12-18,87723.42,Couro
2024-12-19,70892.305,Couro
2024-12-20,102518.14,Couro
2024-12-21,118503.16,Couro
2024-12-22,68066.03,Couro
2024-12-23,164693.67,Couro
2024-12-24,92259.79,Couro
2024-12-25,14488.787,Couro
2024-12-26,39901.39,Couro
2024-12-27,49288.914,Couro
2024-12-28,28541.2,Couro
2024-12-29,13795.741,Couro
2024-12-30,35932.04,Couro
2024-12-31,35466.39,Couro
2025-01-01,-10799.996,Couro
2025-01-02,44196.254,Couro
2025-01-03,10708.091,Couro
2025-01-04,16171.44,Couro
2025-01-05,-4011.13,Couro
2025-01-06,-10340.484,Couro
2025-01-07,105822.68,Couro
2025-01-08,79570.32,Couro
2025-01-09,86650.06,Couro
2025-01-10,40748.21,Couro
2025-01-11,143684.61,Couro
2025-01-12,11962.812,Couro
2025-01-13,23038.188,Couro
2025-01-14,118501.55,Couro
2025-01-15,32738.273,Couro
2025-01-16,32590.404,Couro
2025-01-17,23988.963,Couro
2025-01-18,24038.234,Couro
2025-01-19,6589.7153,Couro
2025-01-20,61139.21,Couro
2025-01-21,19475.412,Couro
2025-01-22,27839.713,Couro
2025-01-23,13119.976,Couro
2025-01-24,49721.03,Couro
2025-01-25,49464.453,Couro
2025-01-26,26800.688,Couro
2025-01-27,18205.688,Couro
2025-01-28,33998.87,Couro
2025-01-29,9352.132,Couro
2025-01-30,35732.695,Couro
2025-01-31,36500.914,Couro
2025-02-01,61575.914,Couro
2025-02-02,4153.236,Couro
2025-02-03,9100.338,Couro
2025-02-04,5645.879,Couro
2025-02-05,27611.008,Couro
2025-02-06,43882.844,Couro
2025-02-07,17206.48,Couro
2025-02-08,56694.664,Couro
2025-02-09,21836.848,Couro
2025-02-10,24386.607,Couro
2025-02-11,49293.22,Couro
2025-02-12,32657.568,Couro
2025-02-13,25780.521,Couro
2025-02-14,13988.726,Couro
2025-02-15,50492.6,Couro
2025-02-16,6715.9565,Couro
2025-02-17,30268.988,Couro
2025-02-18,21995.527,Couro
2025-02-19,1891.8525,Couro
2025-02-20,-5286.5957,Couro
2025-02-21,20627.715,Couro
2025-02-22,31564.176,Couro
2025-02-23,7996.164,Couro
2025-02-24,9537.074,Couro
2025-02-25,12360.694,Couro
2025-02-26,7449.3076,Couro
2025-02-27,10612.538,Couro
2025-02-28,37629.805,Couro
2025-03-01,15067.861,Couro
2025-03-02,-2166.0176,Couro
2025-03-03,-8048.9688,Couro
2025-03-04,7579.841,Couro
2025-03-05,13136.8955,Couro
2025-03-06,10459.5,Couro
2025-03-07,19102.66,Couro
2025-03-08,16962.836,Couro
2025-03-09,-3759.665,Couro
2025-03-10,4691.5156,Couro
2025-03-11,13753.203,Couro
2025-03-12,34679.656,Couro
2025-03-13,49658.906,Couro
2025-03-14,52666.086,Couro
2025-03-15,19282.71,Couro
2025-03-16,-5994.1465,Couro
2025-03-17,-5100.127,Couro
2025-03-18,7713.6777,Couro
2025-03-19,35137.75,Couro
2025-03-20,13126.067,Couro
2025-03-21,3414.143,Couro
2025-03-22,37742.78,Couro
2025-03-23,-2300.462,Couro
2025-03-24,7167.8247,Couro
2025-03-25,5976.6104,Couro
2025-03-26,14468.019,Couro
2025-03-27,14011.225,Couro
2025-03-28,52097.234,Couro
2025-03-29,31124.766,Couro
2025-03-30,19333.662,Couro
2025-03-31,6142.1416,Couro
2025-04-01,12723.147,Couro
2025-04-02,19496.943,Couro
2025-04-03,28961.158,Couro
2025-04-04,19690.2,Couro
2025-04-05,28170.719,Couro
2025-04-06,-3027.8945,Couro
2025-04-07,12290.842,Couro
2025-04-08,10806.44,Couro
2025-04-09,17913.45,Couro
2025-04-10,30344.105,Couro
2025-04-11,18335.047,Couro
2025-04-12,26177.916,Couro
2025-04-13,16251.031,Couro
2025-04-14,-1849.4385,Couro
2025-04-15,14005.284,Couro
2025-04-16,16340.719,Couro
2025-04-17,15793.803,Couro
2025-04-18,14559.318,Couro
2025-04-19,17633.37,Couro
2025-04-20,-7535.1953,Couro
2025-04-21,29019.582,Couro
2025-04-22,18447.336,Couro
2025-04-23,31991.697,Couro
2025-04-24,6227.3438,Couro
2025-04-25,20052.41,Couro
2025-04-26,23318.56,Couro
2025-04-27,1983.0527,Couro
2025-04-28,15355.529,Couro
2025-04-29,13274.235,Couro
2025-04-30,16820.639,Couro
2025-05-01,8305.338,Couro
2025-05-02,15236.119,Couro
2025-05-03,21279.223,Couro
2025-05-04,13326.459,Couro
2025-05-05,-1712.4727,Couro
2025-05-06,-12840.127,Couro
2025-05-07,18847.916,Couro
2025-05-08,23363.336,Couro
2025-05-09,38635.945,Couro
2025-05-10,60646.555,Couro
2025-05-11,329.59863,Couro
2025-05-12,11509.631,Couro
2025-05-13,14225.358,Couro
2025-05-14,20995.936,Couro
2025-05-15,21585.73,Couro
2025-05-16,17394.197,Couro
2025-05-17,58829.32,Couro
2025-05-18,12420.754,Couro
2025-05-19,5638.8516,Couro
2025-05-20,11303.002,Couro
2025-05-21,5419.404,Couro
2025-05-22,7105.4336,Couro
2025-05-23,44376.03,Couro
2025-05-24,11232.698,Couro
2025-05-25,-10449.666,Couro
2025-05-26,27999.334,Couro
2025-05-27,20003.984,Couro
2025-05-28,18320.047,Couro
2025-05-29,4217.48,Couro
2025-05-30,8690.74,Couro
2025-05-31,34321.086,Couro
2025-06-01,2673.9922,Couro
2025-06-02,1465.7607,Couro
2025-06-03,15354.804,Couro
2025-06-04,14578.099,Couro
2025-06-05,100499.46,Couro
2025-06-06,31537.889,Couro
2025-06-07,137167.34,Couro
2025-06-08,16595.83,Couro
2025-06-09,47948.492,Couro
2025-06-10,80328.945,Couro
2025-06-11,136490.2,Couro
2025-06-12,54546.43,Couro
2025-06-13,33157.445,Couro
2025-06-14,53467.438,Couro
2025-06-15,-11780.99,Couro
2025-06-16,-3192.5986,Couro
2025-06-17,9862.789,Couro
2025-06-18,4227.9214,Couro
2025-06-19,-11357.885,Couro
2025-06-20,27251.043,Couro
2025-06-21,5794.3423,Couro
2025-06-22,-16133.553,Couro
2025-06-23,29037.426,Couro
2025-06-24,14097.086,Couro
2025-06-25,33606.78,Couro
2025-06-26,11953.264,Couro
2025-06-27,52362.188,Couro
2025-06-28,56128.688,Couro
2025-06-29,8100.2363,Couro
2025-06-30,4052.3677,Couro
2025-07-01,30932.729,Couro
2025-07-02,30656.986,Couro
2025-07-03,80355.164,Couro
2025-07-04,48772.258,Couro
2025-07-05,46682.86,Couro
2025-07-06,4683.958,Couro
2025-07-07,38534.367,Couro
2025-07-08,40867.516,Couro
2025-07-09,32607.295,Couro
2025-07-10,42817.65,Couro
2025-07-11,5566.5854,Couro
2025-07-12,-13680.504,Couro
2025-07-13,-23525.498,Couro
2025-07-14,3925.3398,Couro
2025-07-15,11909.82,Couro
2025-07-16,8496.499,Couro
2025-07-17,21311.684,Couro
2025-07-18,33273.688,Couro
2025-07-19,13423.71,Couro
2025-07-20,4738.5874,Couro
2025-07-21,-322.30762,Couro
2025-07-22,3055.0518,Couro
2025-07-23,8875.853,Couro
2025-07-24,33216.37,Couro
2025-07-25,-6968.949,Couro
2025-07-26,16104.576,Couro
2025-07-27,-1018.0547,Couro
2025-07-28,9476.338,Couro
2025-07-29,27074.273,Couro
2025-07-30,27481.562,Couro
2025-07-31,3010.376,Couro
2025-08-01,17435.94,Couro
2025-08-02,1397.6709,Couro
2025-08-03,-33298.805,Couro
2025-08-04,-14862.004,Couro
2025-08-05,32772.33,Couro
2025-08-06,22802.936,Couro
2025-08-07,-11983.875,Couro
2025-08-08,4558.1787,Couro
2025-08-09,1995.125,Couro
2025-08-10,-2939.3545,Couro
2025-08-11,-811.7998,Couro
2025-08-12,24557.43,Couro
2025-08-13,-30854.06,Couro
2025-08-14,-18553.875,Couro
2025-08-15,7060.2036,Couro
2025-08-16,-109.31348,Couro
2025-08-17,3961.331,Couro
2025-08-18,7512.299,Couro
2025-08-19,9861.3,Couro
2025-08-20,14420.689,Couro
2025-08-21,24420.297,Couro
2025-08-22,12932.542,Couro
2025-08-23,26705.254,Couro
2025-08-24,-9530.258,Couro
2025-08-25,22276.385,Couro
2025-08-26,32947.64,Couro
2025-08-27,-3845.792,Couro
2025-08-28,-922.1592,Couro
2025-08-29,6362.6606,Couro
2025-08-30,-17089.855,Couro
2025-08-31,550.93066,Couro
2025-09-01,6501.5825,Couro
2025-09-02,32259.49,Couro
2025-09-03,35139.543,Couro
2025-09-04,-13565.529,Couro
2025-09-05,8753.458,Couro
2025-09-06,24346.543,Couro
2025-09-07,1473.7461,Couro
2025-09-08,2592.171,Couro
2025-09-09,17778.648,Couro
2025-09-10,34492.047,Couro
2025-09-11,11938.001,Couro
2025-09-12,9987.24,Couro
2025-09-13,30863.625,Couro
2025-09-14,12761.816,Couro
2025-09-15,8571.293,Couro
2025-09-16,-13338.096,Couro
2025-09-17,-11000.008,Couro
2025-09-18,28097.424,Couro
2025-09-19,12224.684,Couro
2025-09-20,-19706.002,Couro
2025-09-21,-36918.773,Couro
2025-09-22,7812.0312,Couro
2025-09-23,13346.014,Couro
2025-09-24,15343.887,Couro
2025-09-25,10354.052,Couro
2025-09-26,20625.734,Couro
2025-09-27,32660.676,Couro
2025-09-28,-893.2676,Couro
2025-09-29,14774.279,Couro
2025-09-30,5413.1626,Couro
2024-10-01,680182.1,Jeans/Sarja
2024-10-02,406510.16,Jeans/Sarja
2024-10-03,433091.8,Jeans/Sarja
2024-10-04,520516.44,Jeans/Sarja
2024-10-05,585417.94,Jeans/Sarja
2024-10-06,12124.213,Jeans/Sarja
2024-10-07,529752.1,Jeans/Sarja
2024-10-08,464879.72,Jeans/Sarja
2024-10-09,423462.94,Jeans/Sarja
2024-10-10,682634.06,Jeans/Sarja
2024-10-11,546677.5,Jeans/Sarja
2024-10-12,423404.25,Jeans/Sarja
2024-10-13,100713.03,Jeans/Sarja
2024-10-14,285807.03,Jeans/Sarja
2024-10-15,468235.28,Jeans/Sarja
2024-10-16,856431.8,Jeans/Sarja
2024-10-17,428875.7,Jeans/Sarja
2024-10-18,900311.6,Jeans/Sarja
2024-10-19,910290.4,Jeans/Sarja
2024-10-20,335511.72,Jeans/Sarja
2024-10-21,-6957.5024,Jeans/Sarja
2024-10-22,572920.44,Jeans/Sarja
2024-10-23,334780.16,Jeans/Sarja
2024-10-24,457117.53,Jeans/Sarja
2024-10-25,617374.7,Jeans/Sarja
2024-10-26,478280.5,Jeans/Sarja
2024-10-27,27592.104,Jeans/Sarja
2024-10-28,187712.8,Jeans/Sarja
2024-10-29,367959.88,Jeans/Sarja
2024-10-30,313537.3,Jeans/Sarja
2024-10-31,23459.643,Jeans/Sarja
2024-11-01,165600.34,Jeans/Sarja
2024-11-02,423229.7,Jeans/Sarja
2024-11-03,-232683.11,Jeans/Sarja
2024-11-04,13541.006,Jeans/Sarja
2024-11-05,297455.72,Jeans/Sarja
2024-11-06,724886.2,Jeans/Sarja
2024-11-07,555175.44,Jeans/Sarja
2024-11-08,858542.1,Jeans/Sarja
2024-11-09,610733.25,Jeans/Sarja
2024-11-10,468238.62,Jeans/Sarja
2024-11-11,212828.78,Jeans/Sarja
2024-11-12,343386.44,Jeans/Sarja
2024-11-13,327042.56,Jeans/Sarja
2024-11-14,179906.44,Jeans/Sarja
2024-11-15,384180.06,Jeans/Sarja
2024-11-16,467141.0,Jeans/Sarja
2024-11-17,653605.75,Jeans/Sarja
2024-11-18,555374.4,Jeans/Sarja
2024-11-19,486860.78,Jeans/Sarja
2024-11-20,349405.8,Jeans/Sarja
2024-11-21,163149.0,Jeans/Sarja
2024-11-22,774838.0,Jeans/Sarja
2024-11-23,1196748.4,Jeans/Sarja
2024-11-24,154471.28,Jeans/Sarja
2024-11-25,323945.2,Jeans/Sarja
2024-11-26,476046.94,Jeans/Sarja
2024-11-27,228093.16,Jeans/Sarja
2024-11-28,333554.72,Jeans/Sarja
2024-11-29,807214.4,Jeans/Sarja
2024-11-30,438507.16,Jeans/Sarja
2024-12-01,-18579.42,Jeans/Sarja
2024-12-02,-31754.18,Jeans/Sarja
2024-12-03,347416.97,Jeans/Sarja
2024-12-04,272486.4,Jeans/Sarja
2024-12-05,20092.309,Jeans/Sarja
2024-12-06,147328.3,Jeans/Sarja
2024-12-07,430140.38,Jeans/Sarja
2024-12-08,-57276.547,Jeans/Sarja
2024-12-09,201200.73,Jeans/Sarja
2024-12-10,284212.0,Jeans/Sarja
2024-12-11,434356.75,Jeans/Sarja
2024-12-12,471423.7,Jeans/Sarja
2024-12-13,846714.56,Jeans/Sarja
2024-12-14,799699.9,Jeans/Sarja
2024-12-15,416974.56,Jeans/Sarja
2024-12-16,348125.47,Jeans/Sarja
2024-12-17,601998.06,Jeans/Sarja
2024-12-18,923486.06,Jeans/Sarja
2024-12-19,652586.1,Jeans/Sarja
2024-12-20,1046163.2,Jeans/Sarja
2024-12-21,1168145.6,Jeans/Sarja
2024-12-22,611973.3,Jeans/Sarja
2024-12-23,1703556.8,Jeans/Sarja
2024-12-24,882592.25,Jeans/Sarja
2024-12-25,-7363.4746,Jeans/Sarja
2024-12-26,348789.7,Jeans/Sarja
2024-12-27,338619.56,Jeans/Sarja
2024-12-28,192955.47,Jeans/Sarja
2024-12-29,2812.909,Jeans/Sarja
2024-12-30,252183.33,Jeans/Sarja
2024-12-31,232892.78,Jeans/Sarja
2025-01-01,-274629.97,Jeans/Sarja
2025-01-02,409561.75,Jeans/Sarja
2025-01-03,15601.239,Jeans/Sarja
2025-01-04,16167.91,Jeans/Sarja
2025-01-05,-187463.64,Jeans/Sarja
2025-01-06,-274116.25,Jeans/Sarja
2025-01-07,1011931.6,Jeans/Sarja
2025-01-08,681310.5,Jeans/Sarja
2025-01-09,788172.0,Jeans/Sarja
2025-01-10,383020.8,Jeans/Sarja
2025-01-11,1407429.2,Jeans/Sarja
2025-01-12,9270.113,Jeans/Sarja
2025-01-13,19447.791,Jeans/Sarja
2025-01-14,1130926.5,Jeans/Sarja
2025-01-15,156799.78,Jeans/Sarja
2025-01-16,144351.77,Jeans/Sarja
2025-01-17,161997.33,Jeans/Sarja
2025-01-18,93441.96,Jeans/Sarja
2025-01-19,-42146.094,Jeans/Sarja
2025-01-20,439261.53,Jeans/Sarja
2025-01-21,29780.66,Jeans/Sarja
2025-01-22,117194.26,Jeans/Sarja
2025-01-23,-39777.67,Jeans/Sarja
2025-01-24,399923.88,Jeans/Sarja
2025-01-25,358253.66,Jeans/Sarja
2025-01-26,148446.88,Jeans/Sarja
2025-01-27,20814.834,Jeans/Sarja
2025-01-28,174168.23,Jeans/Sarja
2025-01-29,-57423.055,Jeans/Sarja
2025-01-30,162243.97,Jeans/Sarja
2025-01-31,220492.23,Jeans/Sarja
2025-02-01,463120.53,Jeans/Sarja
2025-02-02,-74150.97,Jeans/Sarja
2025-02-03,-60193.58,Jeans/Sarja
2025-02-04,-80270.56,Jeans/Sarja
2025-02-05,203339.61,Jeans/Sarja
2025-02-06,325801.0,Jeans/Sarja
2025-02-07,-30711.338,Jeans/Sarja
2025-02-08,438841.0,Jeans/Sarja
2025-02-09,125434.17,Jeans/Sarja
2025-02-10,143739.28,Jeans/Sarja
2025-02-11,368884.44,Jeans/Sarja
2025-02-12,130263.23,Jeans/Sarja
2025-02-13,41367.617,Jeans/Sarja
2025-02-14,-30493.885,Jeans/Sarja
2025-02-15,441996.03,Jeans/Sarja
2025-02-16,-78110.945,Jeans/Sarja
2025-02-17,133097.33,Jeans/Sarja
2025-02-18,110867.81,Jeans/Sarja
2025-02-19,-122015.71,Jeans/Sarja
2025-02-20,-185715.12,Jeans/Sarja
2025-02-21,187284.62,Jeans/Sarja
2025-02-22,277005.12,Jeans/Sarja
2025-02-23,-18600.537,Jeans/Sarja
2025-02-24,-26514.55,Jeans/Sarja
2025-02-25,30960.799,Jeans/Sarja
2025-02-26,-70410.57,Jeans/Sarja
2025-02-27,3318.858,Jeans/Sarja
2025-02-28,263885.72,Jeans/Sarja
2025-03-01,-56643.895,Jeans/Sarja
2025-03-02,-147773.6,Jeans/Sarja
2025-03-03,-248519.05,Jeans/Sarja
2025-03-04,-57735.37,Jeans/Sarja
2025-03-05,95916.98,Jeans/Sarja
2025-03-06,16588.668,Jeans/Sarja
2025-03-07,105514.47,Jeans/Sarja
2025-03-08,721.93787,Jeans/Sarja
2025-03-09,-221878.97,Jeans/Sarja
2025-03-10,-85799.53,Jeans/Sarja
2025-03-11,-21015.84,Jeans/Sarja
2025-03-12,314708.75,Jeans/Sarja
2025-03-13,411999.62,Jeans/Sarja
2025-03-14,401025.9,Jeans/Sarja
2025-03-15,74978.52,Jeans/Sarja
2025-03-16,-230103.08,Jeans/Sarja
2025-03-17,-97515.08,Jeans/Sarja
2025-03-18,-55140.258,Jeans/Sarja
2025-03-19,160689.8,Jeans/Sarja
2025-03-20,79575.01,Jeans/Sarja
2025-03-21,-167095.0,Jeans/Sarja
2025-03-22,120890.16,Jeans/Sarja
2025-03-23,-247620.9,Jeans/Sarja
2025-03-24,-32738.873,Jeans/Sarja
2025-03-25,-119521.79,Jeans/Sarja
2025-03-26,49035.383,Jeans/Sarja
2025-03-27,90515.86,Jeans/Sarja
2025-03-28,331274.22,Jeans/Sarja
2025-03-29,140313.55,Jeans/Sarja
2025-03-30,49310.906,Jeans/Sarja
2025-03-31,-58973.168,Jeans/Sarja
2025-04-01,78308.91,Jeans/Sarja
2025-04-02,-100349.055,Jeans/Sarja
2025-04-03,159828.44,Jeans/Sarja
2025-04-04,-18281.191,Jeans/Sarja
2025-04-05,33055.367,Jeans/Sarja
2025-04-06,-260312.89,Jeans/Sarja
2025-04-07,-121404.76,Jeans/Sarja
2025-04-08,-123467.01,Jeans/Sarja
2025-04-09,-73315.26,Jeans/Sarja
2025-04-10,128427.19,Jeans/Sarja
2025-04-11,8409.391,Jeans/Sarja
2025-04-12,-4317.1143,Jeans/Sarja
2025-04-13,58691.82,Jeans/Sarja
2025-04-14,-334176.44,Jeans/Sarja
2025-04-15,-95692.9,Jeans/Sarja
2025-04-16,-79039.37,Jeans/Sarja
2025-04-17,49366.152,Jeans/Sarja
2025-04-18,76911.99,Jeans/Sarja
2025-04-19,-9680.23,Jeans/Sarja
2025-04-20,-128105.055,Jeans/Sarja
2025-04-21,131820.73,Jeans/Sarja
2025-04-22,67335.516,Jeans/Sarja
2025-04-23,220710.73,Jeans/Sarja
2025-04-24,-128325.74,Jeans/Sarja
2025-04-25,45894.062,Jeans/Sarja
2025-04-26,-28332.06,Jeans/Sarja
2025-04-27,-75367.89,Jeans/Sarja
2025-04-28,-29551.477,Jeans/Sarja
2025-04-29,-1884.701,Jeans/Sarja
2025-04-30,21865.238,Jeans/Sarja
2025-05-01,43178.723,Jeans/Sarja
2025-05-02,1206.3164,Jeans/Sarja
2025-05-03,172288.7,Jeans/Sarja
2025-05-04,34728.344,Jeans/Sarja
2025-05-05,-229822.38,Jeans/Sarja
2025-05-06,-351922.34,Jeans/Sarja
2025-05-07,15418.044,Jeans/Sarja
2025-05-08,109699.51,Jeans/Sarja
2025-05-09,153844.89,Jeans/Sarja
2025-05-10,241152.72,Jeans/Sarja
2025-05-11,-93594.97,Jeans/Sarja
2025-05-12,-38145.99,Jeans/Sarja
2025-05-13,-69672.69,Jeans/Sarja
2025-05-14,-10582.751,Jeans/Sarja
2025-05-15,42845.29,Jeans/Sarja
2025-05-16,-3767.8826,Jeans/Sarja
2025-05-17,282525.8,Jeans/Sarja
2025-05-18,-35634.29,Jeans/Sarja
2025-05-19,-133053.3,Jeans/Sarja
2025-05-20,-60069.492,Jeans/Sarja
2025-05-21,-106873.37,Jeans/Sarja
2025-05-22,-36716.848,Jeans/Sarja
2025-05-23,205615.4,Jeans/Sarja
2025-05-24,-140258.48,Jeans/Sarja
2025-05-25,-418929.53,Jeans/Sarja
2025-05-26,69960.055,Jeans/Sarja
2025-05-27,23594.639,Jeans/Sarja
2025-05-28,54268.285,Jeans/Sarja
2025-05-29,-122734.84,Jeans/Sarja
2025-05-30,-216652.98,Jeans/Sarja
2025-05-31,115611.375,Jeans/Sarja
2025-06-01,-50130.457,Jeans/Sarja
2025-06-02,-17838.85,Jeans/Sarja
2025-06-03,52228.566,Jeans/Sarja
2025-06-04,-74353.48,Jeans/Sarja
2025-06-05,665886.7,Jeans/Sarja
2025-06-06,166409.02,Jeans/Sarja
2025-06-07,1164576.0,Jeans/Sarja
2025-06-08,-55161.117,Jeans/Sarja
2025-06-09,257774.78,Jeans/Sarja
2025-06-10,451370.12,Jeans/Sarja
2025-06-11,993904.0,Jeans/Sarja
2025-06-12,340083.66,Jeans/Sarja
2025-06-13,26704.871,Jeans/Sarja
2025-06-14,365225.28,Jeans/Sarja
2025-06-15,-294748.72,Jeans/Sarja
2025-06-16,-243327.17,Jeans/Sarja
2025-06-17,-32842.26,Jeans/Sarja
2025-06-18,-21144.39,Jeans/Sarja
2025-06-19,-207307.02,Jeans/Sarja
2025-06-20,86448.375,Jeans/Sarja
2025-06-21,-61289.793,Jeans/Sarja
2025-06-22,-451817.28,Jeans/Sarja
2025-06-23,120174.266,Jeans/Sarja
2025-06-24,-69378.9,Jeans/Sarja
2025-06-25,104517.32,Jeans/Sarja
2025-06-26,-11934.57,Jeans/Sarja
2025-06-27,478640.47,Jeans/Sarja
2025-06-28,314015.4,Jeans/Sarja
2025-06-29,-60115.37,Jeans/Sarja
2025-06-30,-120356.164,Jeans/Sarja
2025-07-01,73809.22,Jeans/Sarja
2025-07-02,149760.23,Jeans/Sarja
2025-07-03,612093.8,Jeans/Sarja
2025-07-04,378469.3,Jeans/Sarja
2025-07-05,254781.56,Jeans/Sarja
2025-07-06,23624.648,Jeans/Sarja
2025-07-07,213394.05,Jeans/Sarja
2025-07-08,300393.1,Jeans/Sarja
2025-07-09,189089.45,Jeans/Sarja
2025-07-10,338808.4,Jeans/Sarja
2025-07-11,-33750.695,Jeans/Sarja
2025-07-12,-289246.4,Jeans/Sarja
2025-07-13,-369492.66,Jeans/Sarja
2025-07-14,-87744.43,Jeans/Sarja
2025-07-15,7131.5234,Jeans/Sarja
2025-07-16,-5742.205,Jeans/Sarja
2025-07-17,52599.836,Jeans/Sarja
2025-07-18,246794.62,Jeans/Sarja
2025-07-19,-9514.237,Jeans/Sarja
2025-07-20,-80465.88,Jeans/Sarja
2025-07-21,-214016.92,Jeans/Sarja
2025-07-22,-37343.633,Jeans/Sarja
2025-07-23,-21656.225,Jeans/Sarja
2025-07-24,335081.62,Jeans/Sarja
2025-07-25,-144329.47,Jeans/Sarja
2025-07-26,143916.7,Jeans/Sarja
2025-07-27,-164982.53,Jeans/Sarja
2025-07-28,-118345.67,Jeans/Sarja
2025-07-29,169930.38,Jeans/Sarja
2025-07-30,53312.953,Jeans/Sarja
2025-07-31,-45837.887,Jeans/Sarja
2025-08-01,32580.045,Jeans/Sarja
2025-08-02,-141258.6,Jeans/Sarja
2025-08-03,-519348.0,Jeans/Sarja
2025-08-04,-382181.06,Jeans/Sarja
2025-08-05,50281.18,Jeans/Sarja
2025-08-06,-55419.15,Jeans/Sarja
2025-08-07,-385775.12,Jeans/Sarja
2025-08-08,-236596.39,Jeans/Sarja
2025-08-09,-220168.73,Jeans/Sarja
2025-08-10,-191793.25,Jeans/Sarja
2025-08-11,-139415.94,Jeans/Sarja
2025-08-12,246858.88,Jeans/Sarja
2025-08-13,-545120.1,Jeans/Sarja
2025-08-14,-425835.8,Jeans/Sarja
2025-08-15,-53997.2,Jeans/Sarja
2025-08-16,-161708.94,Jeans/Sarja
2025-08-17,-73367.66,Jeans/Sarja
2025-08-18,-41348.35,Jeans/Sarja
2025-08-19,-9984.153,Jeans/Sarja
2025-08-20,53806.418,Jeans/Sarja
2025-08-21,156130.7,Jeans/Sarja
2025-08-22,-19149.363,Jeans/Sarja
2025-08-23,145986.22,Jeans/Sarja
2025-08-24,-171282.55,Jeans/Sarja
2025-08-25,129101.54,Jeans/Sarja
2025-08-26,168109.14,Jeans/Sarja
2025-08-27,-87232.72,Jeans/Sarja
2025-08-28,-49862.48,Jeans/Sarja
2025-08-29,-161370.16,Jeans/Sarja
2025-08-30,-384796.94,Jeans/Sarja
2025-08-31,-173876.11,Jeans/Sarja
2025-09-01,1197.3945,Jeans/Sarja
2025-09-02,145773.5,Jeans/Sarja
2025-09-03,219035.77,Jeans/Sarja
2025-09-04,-405252.6,Jeans/Sarja
2025-09-05,-109574.78,Jeans/Sarja
2025-09-06,201818.9,Jeans/Sarja
2025-09-07,30651.172,Jeans/Sarja
2025-09-08,20708.676,Jeans/Sarja
2025-09-09,125376.17,Jeans/Sarja
2025-09-10,268407.5,Jeans/Sarja
2025-09-11,-48709.89,Jeans/Sarja
2025-09-12,42117.62,Jeans/Sarja
2025-09-13,116638.164,Jeans/Sarja
2025-09-14,67316.0,Jeans/Sarja
2025-09-15,50564.434,Jeans/Sarja
2025-09-16,-176624.86,Jeans/Sarja
2025-09-17,-265019.66,Jeans/Sarja
2025-09-18,273636.6,Jeans/Sarja
2025-09-19,-76523.69,Jeans/Sarja
2025-09-20,-387362.5,Jeans/Sarja
2025-09-21,-563673.94,Jeans/Sarja
2025-09-22,-33372.465,Jeans/Sarja
2025-09-23,69226.414,Jeans/Sarja
2025-09-24,30402.857,Jeans/Sarja
2025-09-25,-64023.797,Jeans/Sarja
2025-09-26,55512.586,Jeans/Sarja
2025-09-27,218561.12,Jeans/Sarja
2025-09-28,-143414.58,Jeans/Sarja
2025-09-29,307.65964,Jeans/Sarja
2025-09-30,-49130.562,Jeans/Sarja
2024-10-01,88954.914,Outros
2024-10-02,126778.86,Outros
2024-10-03,122040.945,Outros
2024-10-04,151641.42,Outros
2024-10-05,144719.84,Outros
2024-10-06,34793.336,Outros
2024-10-07,150388.23,Outros
2024-10-08,129476.03,Outros
2024-10-09,102605.34,Outros
2024-10-10,138698.1,Outros
2024-10-11,133808.6,Outros
2024-10-12,118938.75,Outros
2024-10-13,97844.414,Outros
2024-10-14,119151.11,Outros
2024-10-15,171026.39,Outros
2024-10-16,185851.38,Outros
2024-10-17,117205.69,Outros
2024-10-18,226799.39,Outros
2024-10-19,203179.0,Outros
2024-10-20,117358.88,Outros
2024-10-21,78515.15,Outros
2024-10-22,152887.3,Outros
2024-10-23,122313.72,Outros
2024-10-24,133579.16,Outros
2024-10-25,130099.46,Outros
2024-10-26,121769.6,Outros
2024-10-27,63811.2,Outros
2024-10-28,89924.93,Outros
2024-10-29,113220.08,Outros
2024-10-30,117649.484,Outros
2024-10-31,104900.375,Outros
2024-11-01,111558.21,Outros
2024-11-02,131715.97,Outros
2024-11-03,23481.352,Outros
2024-11-04,57740.605,Outros
2024-11-05,127537.49,Outros
2024-11-06,185253.61,Outros
2024-11-07,174743.12,Outros
2024-11-08,201876.9,Outros
2024-11-09,151151.27,Outros
2024-11-10,142078.34,Outros
2024-11-11,99814.96,Outros
2024-11-12,139816.27,Outros
2024-11-13,151631.12,Outros
2024-11-14,101702.414,Outros
2024-11-15,143761.69,Outros
2024-11-16,150114.8,Outros
2024-11-17,149269.5,Outros
2024-11-18,187589.83,Outros
2024-11-19,159109.45,Outros
2024-11-20,130456.83,Outros
2024-11-21,94012.71,Outros
2024-11-22,199922.97,Outros
2024-11-23,303563.06,Outros
2024-11-24,93545.75,Outros
2024-11-25,133017.11,Outros
2024-11-26,184839.12,Outros
2024-11-27,129739.4,Outros
2024-11-28,148783.1,Outros
2024-11-29,217464.62,Outros
2024-11-30,159192.84,Outros
2024-12-01,53992.945,Outros
2024-12-02,62524.06,Outros
2024-12-03,114141.93,Outros
2024-12-04,107153.58,Outros
2024-12-05,87617.375,Outros
2024-12-06,106073.125,Outros
2024-12-07,141197.27,Outros
2024-12-08,68200.39,Outros
2024-12-09,122704.44,Outros
2024-12-10,120645.65,Outros
2024-12-11,175967.25,Outros
2024-12-12,140332.58,Outros
2024-12-13,241457.19,Outros
2024-12-14,215328.97,Outros
2024-12-15,135782.92,Outros
2024-12-16,136398.67,Outros
2024-12-17,167540.22,Outros
2024-12-18,218419.28,Outros
2024-12-19,185242.61,Outros
2024-12-20,252548.73,Outros
2024-12-21,309953.28,Outros
2024-12-22,164349.1,Outros
2024-12-23,423097.44,Outros
2024-12-24,278278.88,Outros
2024-12-25,82750.055,Outros
2024-12-26,137697.98,Outros
2024-12-27,135918.7,Outros
2024-12-28,117671.734,Outros
2024-12-29,88597.38,Outros
2024-12-30,175230.95,Outros
2024-12-31,131460.27,Outros
2025-01-01,45087.36,Outros
2025-01-02,172088.39,Outros
2025-01-03,97122.086,Outros
2025-01-04,78793.984,Outros
2025-01-05,57005.96,Outros
2025-01-06,38811.367,Outros
2025-01-07,304425.0,Outros
2025-01-08,241764.31,Outros
2025-01-09,236381.7,Outros
2025-01-10,169126.22,Outros
2025-01-11,413294.4,Outros
2025-01-12,115348.01,Outros
2025-01-13,113624.77,Outros
2025-01-14,362022.47,Outros
2025-01-15,109569.15,Outros
2025-01-16,93376.22,Outros
2025-01-17,118682.484,Outros
2025-01-18,122842.0,Outros
2025-01-19,66426.34,Outros
2025-01-20,223270.64,Outros
2025-01-21,104421.96,Outros
2025-01-22,164487.44,Outros
2025-01-23,100769.88,Outros
2025-01-24,217829.42,Outros
2025-01-25,200699.84,Outros
2025-01-26,135335.72,Outros
2025-01-27,103377.06,Outros
2025-01-28,147427.95,Outros
2025-01-29,86914.58,Outros
2025-01-30,147275.6,Outros
2025-01-31,155257.53,Outros
2025-02-01,213986.16,Outros
2025-02-02,57394.023,Outros
2025-02-03,86179.2,Outros
2025-02-04,97561.48,Outros
2025-02-05,152194.8,Outros
2025-02-06,158753.23,Outros
2025-02-07,99823.15,Outros
2025-02-08,213140.58,Outros
2025-02-09,111637.375,Outros
2025-02-10,126989.38,Outros
2025-02-11,187070.6,Outros
2025-02-12,173303.66,Outros
2025-02-13,167269.88,Outros
2025-02-14,127809.016,Outros
2025-02-15,199266.72,Outros
2025-02-16,84881.914,Outros
2025-02-17,161298.72,Outros
2025-02-18,126132.78,Outros
2025-02-19,93049.52,Outros
2025-02-20,84362.89,Outros
2025-02-21,148539.38,Outros
2025-02-22,197950.03,Outros
2025-02-23,102346.04,Outros
2025-02-24,89070.13,Outros
2025-02-25,138690.4,Outros
2025-02-26,111229.4,Outros
2025-02-27,86322.05,Outros
2025-02-28,183077.31,Outros
2025-03-01,123946.98,Outros
2025-03-02,55870.598,Outros
2025-03-03,35249.633,Outros
2025-03-04,75244.06,Outros
2025-03-05,106959.88,Outros
2025-03-06,100689.22,Outros
2025-03-07,134922.0,Outros
2025-03-08,137530.17,Outros
2025-03-09,54326.18,Outros
2025-03-10,91625.91,Outros
2025-03-11,86703.97,Outros
2025-03-12,163884.9,Outros
2025-03-13,195677.56,Outros
2025-03-14,182156.69,Outros
2025-03-15,111756.67,Outros
2025-03-16,44490.43,Outros
2025-03-17,75518.805,Outros
2025-03-18,109464.08,Outros
2025-03-19,153676.88,Outros
2025-03-20,119961.6,Outros
2025-03-21,100111.11,Outros
2025-03-22,162227.56,Outros
2025-03-23,72170.61,Outros
2025-03-24,105127.05,Outros
2025-03-25,120031.9,Outros
2025-03-26,110734.125,Outros
2025-03-27,147856.67,Outros
2025-03-28,226945.44,Outros
2025-03-29,160069.3,Outros
2025-03-30,116143.1,Outros
2025-03-31,103783.8,Outros
2025-04-01,118236.67,Outros
2025-04-02,102774.53,Outros
2025-04-03,146856.03,Outros
2025-04-04,127815.61,Outros
2025-04-05,133597.69,Outros
2025-04-06,61845.74,Outros
2025-04-07,121174.47,Outros
2025-04-08,85431.84,Outros
2025-04-09,138836.06,Outros
2025-04-10,155700.5,Outros
2025-04-11,131608.9,Outros
2025-04-12,151716.8,Outros
2025-04-13,132002.84,Outros
2025-04-14,39776.055,Outros
2025-04-15,120017.03,Outros
2025-04-16,102631.57,Outros
2025-04-17,120582.59,Outros
2025-04-18,135248.52,Outros
2025-04-19,115371.03,Outros
2025-04-20,61823.11,Outros
2025-04-21,138180.17,Outros
2025-04-22,146128.12,Outros
2025-04-23,164832.31,Outros
2025-04-24,89651.53,Outros
2025-04-25,128879.64,Outros
2025-04-26,154714.19,Outros
2025-04-27,92459.52,Outros
2025-04-28,127230.51,Outros
2025-04-29,118626.36,Outros
2025-04-30,131926.4,Outros
2025-05-01,109928.984,Outros
2025-05-02,107377.43,Outros
2025-05-03,134048.17,Outros
2025-05-04,109849.12,Outros
2025-05-05,75787.91,Outros
2025-05-06,56780.707,Outros
2025-05-07,140539.94,Outros
2025-05-08,141217.89,Outros
2025-05-09,173975.06,Outros
2025-05-10,151506.05,Outros
2025-05-11,85443.75,Outros
2025-05-12,124326.97,Outros
2025-05-13,101858.19,Outros
2025-05-14,143765.62,Outros
2025-05-15,128028.195,Outros
2025-05-16,125676.98,Outros
2025-05-17,194883.61,Outros
2025-05-18,99790.445,Outros
2025-05-19,118084.04,Outros
2025-05-20,112702.36,Outros
2025-05-21,117775.33,Outros
2025-05-22,106037.58,Outros
2025-05-23,186552.77,Outros
2025-05-24,109019.21,Outros
2025-05-25,33351.65,Outros
2025-05-26,159698.44,Outros
2025-05-27,131147.47,Outros
2025-05-28,113566.63,Outros
2025-05-29,124843.23,Outros
2025-05-30,110287.586,Outros
2025-05-31,142545.53,Outros
2025-06-01,115835.9,Outros
2025-06-02,113209.51,Outros
2025-06-03,144478.34,Outros
2025-06-04,120610.55,Outros
2025-06-05,276352.5,Outros
2025-06-06,145764.38,Outros
2025-06-07,381808.25,Outros
2025-06-08,83729.44,Outros
2025-06-09,125237.55,Outros
2025-06-10,205197.06,Outros
2025-06-11,388563.53,Outros
2025-06-12,209127.55,Outros
2025-06-13,131048.516,Outros
2025-06-14,225258.5,Outros
2025-06-15,68062.02,Outros
2025-06-16,79406.89,Outros
2025-06-17,128831.44,Outros
2025-06-18,108704.69,Outros
2025-06-19,53386.5,Outros
2025-06-20,149759.31,Outros
2025-06-21,108393.46,Outros
2025-06-22,33978.883,Outros
2025-06-23,155753.78,Outros
2025-06-24,106494.734,Outros
2025-06-25,110547.67,Outros
2025-06-26,132464.78,Outros
2025-06-27,221342.19,Outros
2025-06-28,211115.34,Outros
2025-06-29,99196.57,Outros
2025-06-30,107064.5,Outros
2025-07-01,132475.42,Outros
2025-07-02,176674.42,Outros
2025-07-03,277756.3,Outros
2025-07-04,203192.0,Outros
2025-07-05,195800.25,Outros
2025-07-06,101835.64,Outros
2025-07-07,153907.44,Outros
2025-07-08,177690.66,Outros
2025-07-09,177992.67,Outros
2025-07-10,200951.8,Outros
2025-07-11,111811.98,Outros
2025-07-12,47850.375,Outros
2025-07-13,-1339.2422,Outros
2025-07-14,95677.79,Outros
2025-07-15,100700.22,Outros
2025-07-16,119244.0,Outros
2025-07-17,115743.52,Outros
2025-07-18,155472.88,Outros
2025-07-19,127971.44,Outros
2025-07-20,89478.55,Outros
2025-07-21,43144.523,Outros
2025-07-22,124148.0,Outros
2025-07-23,115886.51,Outros
2025-07-24,173881.25,Outros
2025-07-25,83251.37,Outros
2025-07-26,162658.03,Outros
2025-07-27,70477.98,Outros
2025-07-28,85869.56,Outros
2025-07-29,141836.8,Outros
2025-07-30,143392.73,Outros
2025-07-31,109525.45,Outros
2025-08-01,112132.69,Outros
2025-08-02,98185.56,Outros
2025-08-03,-5841.6406,Outros
2025-08-04,30146.852,Outros
2025-08-05,126144.21,Outros
2025-08-06,114621.14,Outros
2025-08-07,39242.266,Outros
2025-08-08,94002.195,Outros
2025-08-09,91214.53,Outros
2025-08-10,65286.785,Outros
2025-08-11,77815.86,Outros
2025-08-12,153641.92,Outros
2025-08-13,16196.648,Outros
2025-08-14,16596.055,Outros
2025-08-15,96581.414,Outros
2025-08-16,95309.16,Outros
2025-08-17,80175.34,Outros
2025-08-18,113369.82,Outros
2025-08-19,113754.18,Outros
2025-08-20,115520.63,Outros
2025-08-21,132906.8,Outros
2025-08-22,121444.516,Outros
2025-08-23,161048.31,Outros
2025-08-24,73249.34,Outros
2025-08-25,123558.66,Outros
2025-08-26,165144.55,Outros
2025-08-27,107718.43,Outros
2025-08-28,115642.97,Outros
2025-08-29,66410.87,Outros
2025-08-30,39372.734,Outros
2025-08-31,60979.215,Outros
2025-09-01,98776.8,Outros
2025-09-02,136644.47,Outros
2025-09-03,205929.38,Outros
2025-09-04,65415.594,Outros
2025-09-05,130277.48,Outros
2025-09-06,178408.7,Outros
2025-09-07,153067.16,Outros
2025-09-08,125485.38,Outros
2025-09-09,134576.1,Outros
2025-09-10,156235.34,Outros
2025-09-11,120316.19,Outros
2025-09-12,132568.66,Outros
2025-09-13,200856.2,Outros
2025-09-14,105601.77,Outros
2025-09-15,114252.52,Outros
2025-09-16,97357.53,Outros
2025-09-17,41082.156,Outros
2025-09-18,169722.78,Outros
2025-09-19,87100.445,Outros
2025-09-20,12558.672,Outros
2025-09-21,-8658.555,Outros
2025-09-22,121154.01,Outros
2025-09-23,131701.9,Outros
2025-09-24,147222.64,Outros
2025-09-25,129451.664,Outros
2025-09-26,123526.41,Outros
2025-09-27,143713.88,Outros
2025-09-28,87986.45,Outros
2025-09-29,99776.234,Outros
2025-09-30,114591.555,Outros
2024-10-01,251527.03,Seda
2024-10-02,337811.94,Seda
2024-10-03,306734.7,Seda
2024-10-04,272025.84,Seda
2024-10-05,263939.66,Seda
2024-10-06,56074.61,Seda
2024-10-07,374226.6,Seda
2024-10-08,188450.1,Seda
2024-10-09,295934.25,Seda
2024-10-10,262359.1,Seda
2024-10-11,260239.44,Seda
2024-10-12,271887.12,Seda
2024-10-13,225618.77,Seda
2024-10-14,283544.47,Seda
2024-10-15,310549.8,Seda
2024-10-16,299603.28,Seda
2024-10-17,264010.22,Seda
2024-10-18,361298.06,Seda
2024-10-19,205945.17,Seda
2024-10-20,287878.94,Seda
2024-10-21,300563.4,Seda
2024-10-22,311345.88,Seda
2024-10-23,234118.23,Seda
2024-10-24,296986.62,Seda
2024-10-25,251789.81,Seda
2024-10-26,194145.45,Seda
2024-10-27,232676.3,Seda
2024-10-28,285725.78,Seda
2024-10-29,297211.53,Seda
2024-10-30,216444.42,Seda
2024-10-31,331507.47,Seda
2024-11-01,229690.06,Seda
2024-11-02,153596.88,Seda
2024-11-03,254268.11,Seda
2024-11-04,287759.94,Seda
2024-11-05,297695.97,Seda
2024-11-06,221460.81,Seda
2024-11-07,283382.38,Seda
2024-11-08,317251.16,Seda
2024-11-09,238721.06,Seda
2024-11-10,185096.62,Seda
2024-11-11,275575.0,Seda
2024-11-12,294332.6,Seda
2024-11-13,227963.33,Seda
2024-11-14,219225.56,Seda
2024-11-15,216428.45,Seda
2024-11-16,182556.23,Seda
2024-11-17,94930.09,Seda
2024-11-18,296805.62,Seda
2024-11-19,253053.88,Seda
2024-11-20,236381.67,Seda
2024-11-21,243393.02,Seda
2024-11-22,146279.69,Seda
2024-11-23,261668.5,Seda
2024-11-24,158161.25,Seda
2024-11-25,144734.06,Seda
2024-11-26,319615.06,Seda
2024-11-27,141974.69,Seda
2024-11-28,231641.25,Seda
2024-11-29,207509.7,Seda
2024-11-30,248185.75,Seda
2024-12-01,177146.69,Seda
2024-12-02,182736.31,Seda
2024-12-03,98078.75,Seda
2024-12-04,236528.2,Seda
2024-12-05,236532.53,Seda
2024-12-06,173004.03,Seda
2024-12-07,183011.12,Seda
2024-12-08,206814.9,Seda
2024-12-09,265484.22,Seda
2024-12-10,156864.69,Seda
2024-12-11,213644.94,Seda
2024-12-12,191680.81,Seda
2024-12-13,230044.66,Seda
2024-12-14,167114.03,Seda
2024-12-15,127042.766,Seda
2024-12-16,237015.86,Seda
2024-12-17,59363.703,Seda
2024-12-18,313342.12,Seda
2024-12-19,166023.1,Seda
2024-12-20,221789.9,Seda
2024-12-21,313779.72,Seda
2024-12-22,136963.61,Seda
2024-12-23,168764.6,Seda
2024-12-24,386443.4,Seda
2024-12-25,15511.625,Seda
2024-12-26,136128.9,Seda
2024-12-27,211500.22,Seda
2024-12-28,88764.875,Seda
2024-12-29,210084.44,Seda
2024-12-30,321011.66,Seda
2024-12-31,300800.97,Seda
2025-01-01,167613.28,Seda
2025-01-02,333775.0,Seda
2025-01-03,244779.12,Seda
2025-01-04,208137.83,Seda
2025-01-05,225645.28,Seda
2025-01-06,55100.125,Seda
2025-01-07,350337.88,Seda
2025-01-08,203495.4,Seda
2025-01-09,71085.016,Seda
2025-01-10,300102.53,Seda
2025-01-11,265697.5,Seda
2025-01-12,373733.9,Seda
2025-01-13,144526.56,Seda
2025-01-14,391125.72,Seda
2025-01-15,36411.797,Seda
2025-01-16,-56548.688,Seda
2025-01-17,81883.0,Seda
2025-01-18,197670.28,Seda
2025-01-19,115336.34,Seda
2025-01-20,186318.97,Seda
2025-01-21,166987.77,Seda
2025-01-22,272641.25,Seda
2025-01-23,171812.42,Seda
2025-01-24,326695.4,Seda
2025-01-25,289320.38,Seda
2025-01-26,240064.06,Seda
2025-01-27,213174.33,Seda
2025-01-28,78917.34,Seda
2025-01-29,-5700.0312,Seda
2025-01-30,191889.97,Seda
2025-01-31,174270.6,Seda
2025-02-01,304949.47,Seda
2025-02-02,110578.15,Seda
2025-02-03,160741.12,Seda
2025-02-04,251752.3,Seda
2025-02-05,275225.25,Seda
2025-02-06,248930.02,Seda
2025-02-07,117632.31,Seda
2025-02-08,381967.06,Seda
2025-02-09,314820.47,Seda
2025-02-10,265528.44,Seda
2025-02-11,292469.97,Seda
2025-02-12,341455.12,Seda
2025-02-13,384855.5,Seda
2025-02-14,240455.9,Seda
2025-02-15,325946.34,Seda
2025-02-16,278481.5,Seda
2025-02-17,340093.3,Seda
2025-02-18,294311.44,Seda
2025-02-19,232147.22,Seda
2025-02-20,390981.16,Seda
2025-02-21,335969.38,Seda
2025-02-22,478614.25,Seda
2025-02-23,251583.33,Seda
2025-02-24,297100.44,Seda
2025-02-25,397026.0,Seda
2025-02-26,258804.56,Seda
2025-02-27,166461.33,Seda
2025-02-28,424502.2,Seda
2025-03-01,342490.34,Seda
2025-03-02,220750.12,Seda
2025-03-03,170349.34,Seda
2025-03-04,251129.84,Seda
2025-03-05,437716.12,Seda
2025-03-06,307945.62,Seda
2025-03-07,362236.72,Seda
2025-03-08,331933.66,Seda
2025-03-09,131700.8,Seda
2025-03-10,244237.66,Seda
2025-03-11,186427.7,Seda
2025-03-12,363517.94,Seda
2025-03-13,344500.66,Seda
2025-03-14,301868.84,Seda
2025-03-15,354069.34,Seda
2025-03-16,156969.52,Seda
2025-03-17,251654.12,Seda
2025-03-18,304271.9,Seda
2025-03-19,344528.03,Seda
2025-03-20,330111.2,Seda
2025-03-21,302293.12,Seda
2025-03-22,340151.97,Seda
2025-03-23,276505.44,Seda
2025-03-24,359700.94,Seda
2025-03-25,334409.53,Seda
2025-03-26,330645.7,Seda
2025-03-27,395392.7,Seda
2025-03-28,465644.12,Seda
2025-03-29,285336.38,Seda
2025-03-30,343089.66,Seda
2025-03-31,325087.94,Seda
2025-04-01,308620.94,Seda
2025-04-02,206583.53,Seda
2025-04-03,231986.1,Seda
2025-04-04,311771.4,Seda
2025-04-05,245673.7,Seda
2025-04-06,295275.34,Seda
2025-04-07,256977.83,Seda
2025-04-08,188156.58,Seda
2025-04-09,275214.75,Seda
2025-04-10,280218.4,Seda
2025-04-11,408133.44,Seda
2025-04-12,385832.5,Seda
2025-04-13,380250.47,Seda
2025-04-14,233675.97,Seda
2025-04-15,284849.3,Seda
2025-04-16,279410.56,Seda
2025-04-17,325291.94,Seda
2025-04-18,472639.06,Seda
2025-04-19,295838.34,Seda
2025-04-20,308462.2,Seda
2025-04-21,324663.3,Seda
2025-04-22,491275.62,Seda
2025-04-23,439111.75,Seda
2025-04-24,270270.75,Seda
2025-04-25,300117.2,Seda
2025-04-26,320115.5,Seda
2025-04-27,311124.8,Seda
2025-04-28,324580.12,Seda
2025-04-29,277561.12,Seda
2025-04-30,328784.56,Seda
2025-05-01,405136.75,Seda
2025-05-02,321238.88,Seda
2025-05-03,331162.47,Seda
2025-05-04,266306.62,Seda
2025-05-05,264461.3,Seda
2025-05-06,280937.7,Seda
2025-05-07,293669.28,Seda
2025-05-08,319831.47,Seda
2025-05-09,284944.5,Seda
2025-05-10,141450.22,Seda
2025-05-11,288943.16,Seda
2025-05-12,363164.25,Seda
2025-05-13,330840.62,Seda
2025-05-14,285936.1,Seda
2025-05-15,320590.88,Seda
2025-05-16,216321.48,Seda
2025-05-17,348891.2,Seda
2025-05-18,168812.47,Seda
2025-05-19,369077.72,Seda
2025-05-20,295774.25,Seda
2025-05-21,349529.25,Seda
2025-05-22,356926.3,Seda
2025-05-23,402222.56,Seda
2025-05-24,207495.94,Seda
2025-05-25,105027.66,Seda
2025-05-26,346157.53,Seda
2025-05-27,313291.5,Seda
2025-05-28,257129.94,Seda
2025-05-29,323512.0,Seda
2025-05-30,251182.52,Seda
2025-05-31,284360.47,Seda
2025-06-01,380039.94,Seda
2025-06-02,429940.3,Seda
2025-06-03,423155.62,Seda
2025-06-04,163173.19,Seda
2025-06-05,297235.66,Seda
2025-06-06,277229.97,Seda
2025-06-07,594307.6,Seda
2025-06-08,196872.4,Seda
2025-06-09,135441.4,Seda
2025-06-10,181557.6,Seda
2025-06-11,440944.06,Seda
2025-06-12,291487.44,Seda
2025-06-13,331216.62,Seda
2025-06-14,477985.44,Seda
2025-06-15,179958.03,Seda
2025-06-16,196129.67,Seda
2025-06-17,350244.03,Seda
2025-06-18,339380.3,Seda
2025-06-19,238971.2,Seda
2025-06-20,378404.03,Seda
2025-06-21,235012.53,Seda
2025-06-22,193291.31,Seda
2025-06-23,327626.0,Seda
2025-06-24,231372.62,Seda
2025-06-25,185119.56,Seda
2025-06-26,376194.94,Seda
2025-06-27,359287.56,Seda
2025-06-28,379860.56,Seda
2025-06-29,268287.97,Seda
2025-06-30,258243.19,Seda
2025-07-01,159716.28,Seda
2025-07-02,457573.56,Seda
2025-07-03,521635.4,Seda
2025-07-04,451234.2,Seda
2025-07-05,354527.84,Seda
2025-07-06,272695.88,Seda
2025-07-07,333342.2,Seda
2025-07-08,439725.53,Seda
2025-07-09,459126.62,Seda
2025-07-10,530067.5,Seda
2025-07-11,316842.9,Seda
2025-07-12,353289.3,Seda
2025-07-13,73736.25,Seda
2025-07-14,265120.16,Seda
2025-07-15,293855.3,Seda
2025-07-16,407006.25,Seda
2025-07-17,286725.4,Seda
2025-07-18,419973.12,Seda
2025-07-19,370952.0,Seda
2025-07-20,264730.12,Seda
2025-07-21,198342.69,Seda
2025-07-22,432060.8,Seda
2025-07-23,290023.97,Seda
2025-07-24,514389.4,Seda
2025-07-25,308446.5,Seda
2025-07-26,559631.9,Seda
2025-07-27,280015.25,Seda
2025-07-28,269960.44,Seda
2025-07-29,408602.38,Seda
2025-07-30,231464.12,Seda
2025-07-31,408879.62,Seda
2025-08-01,339279.75,Seda
2025-08-02,360318.3,Seda
2025-08-03,176661.47,Seda
2025-08-04,225979.0,Seda
2025-08-05,230045.75,Seda
2025-08-06,243864.36,Seda
2025-08-07,30324.047,Seda
2025-08-08,364832.1,Seda
2025-08-09,296684.94,Seda
2025-08-10,271946.6,Seda
2025-08-11,289543.34,Seda
2025-08-12,481608.8,Seda
2025-08-13,185139.62,Seda
2025-08-14,142585.36,Seda
2025-08-15,477436.44,Seda
2025-08-16,295472.44,Seda
2025-08-17,287567.2,Seda
2025-08-18,281260.06,Seda
2025-08-19,295982.88,Seda
2025-08-20,338639.3,Seda
2025-08-21,365241.12,Seda
2025-08-22,274964.0,Seda
2025-08-23,373529.06,Seda
2025-08-24,329878.0,Seda
2025-08-25,321741.06,Seda
2025-08-26,423521.75,Seda
2025-08-27,405051.75,Seda
2025-08-28,386154.5,Seda
2025-08-29,475825.62,Seda
2025-08-30,360975.28,Seda
2025-08-31,274766.44,Seda
2025-09-01,317268.56,Seda
2025-09-02,358352.2,Seda
2025-09-03,503014.1,Seda
2025-09-04,362614.53,Seda
2025-09-05,378369.66,Seda
2025-09-06,448580.94,Seda
2025-09-07,524823.1,Seda
2025-09-08,442407.7,Seda
2025-09-09,428868.06,Seda
2025-09-10,456080.7,Seda
2025-09-11,345683.22,Seda
2025-09-12,437543.06,Seda
2025-09-13,552109.3,Seda
2025-09-14,345688.34,Seda
2025-09-15,298057.38,Seda
2025-09-16,420111.88,Seda
2025-09-17,123769.27,Seda
2025-09-18,515447.06,Seda
2025-09-19,429949.84,Seda
2025-09-20,155172.36,Seda
2025-09-21,188751.69,Seda
2025-09-22,347258.62,Seda
2025-09-23,380559.25,Seda
2025-09-24,489142.94,Seda
2025-09-25,415422.97,Seda
2025-09-26,350273.8,Seda
2025-09-27,229547.83,Seda
2025-09-28,267762.8,Seda
2025-09-29,372234.56,Seda
2025-09-30,396926.06,Seda
2024-10-01,77375.28,Fluidos/Plano
2024-10-02,124877.36,Fluidos/Plano
2024-10-03,112442.6,Fluidos/Plano
2024-10-04,155566.75,Fluidos/Plano
2024-10-05,126274.0,Fluidos/Plano
2024-10-06,11408.273,Fluidos/Plano
2024-10-07,161102.22,Fluidos/Plano
2024-10-08,107243.39,Fluidos/Plano
2024-10-09,102290.9,Fluidos/Plano
2024-10-10,120982.25,Fluidos/Plano
2024-10-11,109340.21,Fluidos/Plano
2024-10-12,105496.23,Fluidos/Plano
2024-10-13,78143.53,Fluidos/Plano
2024-10-14,100931.87,Fluidos/Plano
2024-10-15,161919.73,Fluidos/Plano
2024-10-16,183886.83,Fluidos/Plano
2024-10-17,97456.2,Fluidos/Plano
2024-10-18,213269.94,Fluidos/Plano
2024-10-19,162469.19,Fluidos/Plano
2024-10-20,102481.336,Fluidos/Plano
2024-10-21,88155.98,Fluidos/Plano
2024-10-22,138721.53,Fluidos/Plano
2024-10-23,88956.336,Fluidos/Plano
2024-10-24,118460.0,Fluidos/Plano
2024-10-25,105091.88,Fluidos/Plano
2024-10-26,104398.47,Fluidos/Plano
2024-10-27,66368.04,Fluidos/Plano
2024-10-28,85389.08,Fluidos/Plano
2024-10-29,100102.68,Fluidos/Plano
2024-10-30,93058.516,Fluidos/Plano
2024-10-31,106217.11,Fluidos/Plano
2024-11-01,106569.195,Fluidos/Plano
2024-11-02,108269.7,Fluidos/Plano
2024-11-03,19110.836,Fluidos/Plano
2024-11-04,73767.83,Fluidos/Plano
2024-11-05,95325.52,Fluidos/Plano
2024-11-06,160837.2,Fluidos/Plano
2024-11-07,129183.54,Fluidos/Plano
2024-11-08,187404.84,Fluidos/Plano
2024-11-09,127706.58,Fluidos/Plano
2024-11-10,109660.12,Fluidos/Plano
2024-11-11,88162.664,Fluidos/Plano
2024-11-12,120918.67,Fluidos/Plano
2024-11-13,144933.67,Fluidos/Plano
2024-11-14,75476.31,Fluidos/Plano
2024-11-15,124963.055,Fluidos/Plano
2024-11-16,118883.164,Fluidos/Plano
2024-11-17,111865.09,Fluidos/Plano
2024-11-18,169887.84,Fluidos/Plano
2024-11-19,141809.22,Fluidos/Plano
2024-11-20,97837.65,Fluidos/Plano
2024-11-21,75712.2,Fluidos/Plano
2024-11-22,148832.2,Fluidos/Plano
2024-11-23,262851.03,Fluidos/Plano
2024-11-24,56768.797,Fluidos/Plano
2024-11-25,110853.45,Fluidos/Plano
2024-11-26,159744.31,Fluidos/Plano
2024-11-27,81303.19,Fluidos/Plano
2024-11-28,124944.86,Fluidos/Plano
2024-11-29,187520.1,Fluidos/Plano
2024-11-30,127494.05,Fluidos/Plano
2024-12-01,37230.438,Fluidos/Plano
2024-12-02,50556.504,Fluidos/Plano
2024-12-03,48549.883,Fluidos/Plano
2024-12-04,70461.56,Fluidos/Plano
2024-12-05,76072.516,Fluidos/Plano
2024-12-06,61408.66,Fluidos/Plano
2024-12-07,113556.36,Fluidos/Plano
2024-12-08,54346.99,Fluidos/Plano
2024-12-09,106855.65,Fluidos/Plano
2024-12-10,71195.5,Fluidos/Plano
2024-12-11,124770.94,Fluidos/Plano
2024-12-12,110590.055,Fluidos/Plano
2024-12-13,192100.25,Fluidos/Plano
2024-12-14,143544.75,Fluidos/Plano
2024-12-15,94422.914,Fluidos/Plano
2024-12-16,121886.28,Fluidos/Plano
2024-12-17,114459.95,Fluidos/Plano
2024-12-18,182038.47,Fluidos/Plano
2024-12-19,152974.86,Fluidos/Plano
2024-12-20,186855.06,Fluidos/Plano
2024-12-21,251063.6,Fluidos/Plano
2024-12-22,113544.695,Fluidos/Plano
2024-12-23,343302.78,Fluidos/Plano
2024-12-24,259270.4,Fluidos/Plano
2024-12-25,43221.906,Fluidos/Plano
2024-12-26,113502.24,Fluidos/Plano
2024-12-27,80601.266,Fluidos/Plano
2024-12-28,93438.2,Fluidos/Plano
2024-12-29,71400.766,Fluidos/Plano
2024-12-30,156436.64,Fluidos/Plano
2024-12-31,113390.086,Fluidos/Plano
2025-01-01,35011.42,Fluidos/Plano
2025-01-02,178917.58,Fluidos/Plano
2025-01-03,88196.55,Fluidos/Plano
2025-01-04,66121.11,Fluidos/Plano
2025-01-05,42191.348,Fluidos/Plano
2025-01-06,5355.508,Fluidos/Plano
2025-01-07,258588.62,Fluidos/Plano
2025-01-08,198476.47,Fluidos/Plano
2025-01-09,171952.88,Fluidos/Plano
2025-01-10,157644.66,Fluidos/Plano
2025-01-11,350528.75,Fluidos/Plano
2025-01-12,119387.8,Fluidos/Plano
2025-01-13,75932.234,Fluidos/Plano
2025-01-14,301945.25,Fluidos/Plano
2025-01-15,57357.04,Fluidos/Plano
2025-01-16,13732.852,Fluidos/Plano
2025-01-17,88140.61,Fluidos/Plano
2025-01-18,103020.67,Fluidos/Plano
2025-01-19,43517.37,Fluidos/Plano
2025-01-20,180926.31,Fluidos/Plano
2025-01-21,75399.36,Fluidos/Plano
2025-01-22,142059.38,Fluidos/Plano
2025-01-23,89127.586,Fluidos/Plano
2025-01-24,198778.5,Fluidos/Plano
2025-01-25,170475.02,Fluidos/Plano
2025-01-26,107091.51,Fluidos/Plano
2025-01-27,80996.016,Fluidos/Plano
2025-01-28,101084.13,Fluidos/Plano
2025-01-29,51036.64,Fluidos/Plano
2025-01-30,108263.336,Fluidos/Plano
2025-01-31,118677.41,Fluidos/Plano
2025-02-01,167986.95,Fluidos/Plano
2025-02-02,40824.17,Fluidos/Plano
2025-02-03,53963.02,Fluidos/Plano
2025-02-04,80218.82,Fluidos/Plano
2025-02-05,140147.97,Fluidos/Plano
2025-02-06,117404.84,Fluidos/Plano
2025-02-07,70526.34,Fluidos/Plano
2025-02-08,184822.06,Fluidos/Plano
2025-02-09,102245.65,Fluidos/Plano
2025-02-10,109956.984,Fluidos/Plano
2025-02-11,147597.6,Fluidos/Plano
2025-02-12,150411.36,Fluidos/Plano
2025-02-13,159117.03,Fluidos/Plano
2025-02-14,103721.85,Fluidos/Plano
2025-02-15,182239.47,Fluidos/Plano
2025-02-16,80122.11,Fluidos/Plano
2025-02-17,135069.4,Fluidos/Plano
2025-02-18,114932.63,Fluidos/Plano
2025-02-19,73356.76,Fluidos/Plano
2025-02-20,95577.62,Fluidos/Plano
2025-02-21,149693.1,Fluidos/Plano
2025-02-22,216795.0,Fluidos/Plano
2025-02-23,87304.42,Fluidos/Plano
2025-02-24,86824.93,Fluidos/Plano
2025-02-25,141680.3,Fluidos/Plano
2025-02-26,90536.516,Fluidos/Plano
2025-02-27,63302.54,Fluidos/Plano
2025-02-28,180727.03,Fluidos/Plano
2025-03-01,117592.77,Fluidos/Plano
2025-03-02,58920.156,Fluidos/Plano
2025-03-03,28587.195,Fluidos/Plano
2025-03-04,81912.58,Fluidos/Plano
2025-03-05,137625.95,Fluidos/Plano
2025-03-06,87897.31,Fluidos/Plano
2025-03-07,129245.8,Fluidos/Plano
2025-03-08,104446.875,Fluidos/Plano
2025-03-09,32852.977,Fluidos/Plano
2025-03-10,85246.24,Fluidos/Plano
2025-03-11,67812.484,Fluidos/Plano
2025-03-12,158036.95,Fluidos/Plano
2025-03-13,179443.72,Fluidos/Plano
2025-03-14,146316.38,Fluidos/Plano
2025-03-15,113946.836,Fluidos/Plano
2025-03-16,26879.914,Fluidos/Plano
2025-03-17,86114.92,Fluidos/Plano
2025-03-18,103716.33,Fluidos/Plano
2025-03-19,135013.77,Fluidos/Plano
2025-03-20,120557.48,Fluidos/Plano
2025-03-21,93443.04,Fluidos/Plano
2025-03-22,126948.28,Fluidos/Plano
2025-03-23,80655.43,Fluidos/Plano
2025-03-24,110097.42,Fluidos/Plano
2025-03-25,111314.18,Fluidos/Plano
2025-03-26,113421.086,Fluidos/Plano
2025-03-27,168329.52,Fluidos/Plano
2025-03-28,212192.53,Fluidos/Plano
2025-03-29,118120.82,Fluidos/Plano
2025-03-30,122696.9,Fluidos/Plano
2025-03-31,106545.08,Fluidos/Plano
2025-04-01,118460.984,Fluidos/Plano
2025-04-02,80029.266,Fluidos/Plano
2025-04-03,118677.375,Fluidos/Plano
2025-04-04,111535.01,Fluidos/Plano
2025-04-05,100068.95,Fluidos/Plano
2025-04-06,69573.555,Fluidos/Plano
2025-04-07,100769.37,Fluidos/Plano
2025-04-08,60850.387,Fluidos/Plano
2025-04-09,102882.34,Fluidos/Plano
2025-04-10,130742.7,Fluidos/Plano
2025-04-11,131746.67,Fluidos/Plano
2025-04-12,136717.5,Fluidos/Plano
2025-04-13,136489.52,Fluidos/Plano
2025-04-14,36157.78,Fluidos/Plano
2025-04-15,100359.42,Fluidos/Plano
2025-04-16,87128.63,Fluidos/Plano
2025-04-17,107605.12,Fluidos/Plano
2025-04-18,150648.78,Fluidos/Plano
2025-04-19,105060.6,Fluidos/Plano
2025-04-20,79808.62,Fluidos/Plano
2025-04-21,119395.41,Fluidos/Plano
2025-04-22,161187.12,Fluidos/Plano
2025-04-23,160455.53,Fluidos/Plano
2025-04-24,86394.15,Fluidos/Plano
2025-04-25,106220.625,Fluidos/Plano
2025-04-26,122989.836,Fluidos/Plano
2025-04-27,93285.695,Fluidos/Plano
2025-04-28,110986.41,Fluidos/Plano
2025-04-29,110311.87,Fluidos/Plano
2025-04-30,123858.7,Fluidos/Plano
2025-05-01,122989.92,Fluidos/Plano
2025-05-02,102927.95,Fluidos/Plano
2025-05-03,137176.33,Fluidos/Plano
2025-05-04,106963.805,Fluidos/Plano
2025-05-05,79677.63,Fluidos/Plano
2025-05-06,64946.67,Fluidos/Plano
2025-05-07,116254.516,Fluidos/Plano
2025-05-08,123106.875,Fluidos/Plano
2025-05-09,135817.5,Fluidos/Plano
2025-05-10,88663.78,Fluidos/Plano
2025-05-11,95927.62,Fluidos/Plano
2025-05-12,119569.99,Fluidos/Plano
2025-05-13,96072.18,Fluidos/Plano
2025-05-14,121757.11,Fluidos/Plano
2025-05-15,113728.39,Fluidos/Plano
2025-05-16,103070.37,Fluidos/Plano
2025-05-17,131780.56,Fluidos/Plano
2025-05-18,72772.266,Fluidos/Plano
2025-05-19,120298.125,Fluidos/Plano
2025-05-20,97272.086,Fluidos/Plano
2025-05-21,119326.46,Fluidos/Plano
2025-05-22,123204.11,Fluidos/Plano
2025-05-23,168304.86,Fluidos/Plano
2025-05-24,77607.38,Fluidos/Plano
2025-05-25,1447.3984,Fluidos/Plano
2025-05-26,133135.7,Fluidos/Plano
2025-05-27,118454.734,Fluidos/Plano
2025-05-28,104031.914,Fluidos/Plano
2025-05-29,112858.08,Fluidos/Plano
2025-05-30,84571.54,Fluidos/Plano
2025-05-31,110787.47,Fluidos/Plano
2025-06-01,134252.98,Fluidos/Plano
2025-06-02,130012.15,Fluidos/Plano
2025-06-03,149837.89,Fluidos/Plano
2025-06-04,87947.43,Fluidos/Plano
2025-06-05,153399.88,Fluidos/Plano
2025-06-06,125548.86,Fluidos/Plano
2025-06-07,288162.7,Fluidos/Plano
2025-06-08,74154.95,Fluidos/Plano
2025-06-09,73529.734,Fluidos/Plano
2025-06-10,118663.055,Fluidos/Plano
2025-06-11,277369.56,Fluidos/Plano
2025-06-12,159996.4,Fluidos/Plano
2025-06-13,102453.53,Fluidos/Plano
2025-06-14,210142.52,Fluidos/Plano
2025-06-15,56979.24,Fluidos/Plano
2025-06-16,56486.016,Fluidos/Plano
2025-06-17,116335.64,Fluidos/Plano
2025-06-18,119292.95,Fluidos/Plano
2025-06-19,56409.95,Fluidos/Plano
2025-06-20,137804.94,Fluidos/Plano
2025-06-21,97263.96,Fluidos/Plano
2025-06-22,18304.547,Fluidos/Plano
2025-06-23,140116.2,Fluidos/Plano
2025-06-24,85509.0,Fluidos/Plano
2025-06-25,88612.19,Fluidos/Plano
2025-06-26,130543.92,Fluidos/Plano
2025-06-27,191283.06,Fluidos/Plano
2025-06-28,150546.17,Fluidos/Plano
2025-06-29,92395.805,Fluidos/Plano
2025-06-30,91321.5,Fluidos/Plano
2025-07-01,105750.17,Fluidos/Plano
2025-07-02,177160.33,Fluidos/Plano
2025-07-03,268614.62,Fluidos/Plano
2025-07-04,189202.67,Fluidos/Plano
2025-07-05,161139.0,Fluidos/Plano
2025-07-06,101261.164,Fluidos/Plano
2025-07-07,135140.12,Fluidos/Plano
2025-07-08,172442.06,Fluidos/Plano
2025-07-09,178764.69,Fluidos/Plano
2025-07-10,205694.1,Fluidos/Plano
2025-07-11,108221.16,Fluidos/Plano
2025-07-12,51541.047,Fluidos/Plano
2025-07-13,-13284.344,Fluidos/Plano
2025-07-14,97171.91,Fluidos/Plano
2025-07-15,95538.28,Fluidos/Plano
2025-07-16,134733.78,Fluidos/Plano
2025-07-17,98778.59,Fluidos/Plano
2025-07-18,151268.8,Fluidos/Plano
2025-07-19,131526.23,Fluidos/Plano
2025-07-20,91669.36,Fluidos/Plano
2025-07-21,32207.469,Fluidos/Plano
2025-07-22,138690.88,Fluidos/Plano
2025-07-23,101407.97,Fluidos/Plano
2025-07-24,187734.97,Fluidos/Plano
2025-07-25,92471.53,Fluidos/Plano
2025-07-26,189974.73,Fluidos/Plano
2025-07-27,87587.65,Fluidos/Plano
2025-07-28,71963.8,Fluidos/Plano
2025-07-29,133026.23,Fluidos/Plano
2025-07-30,98380.914,Fluidos/Plano
2025-07-31,135263.0,Fluidos/Plano
2025-08-01,118673.81,Fluidos/Plano
2025-08-02,99992.195,Fluidos/Plano
2025-08-03,10625.32,Fluidos/Plano
2025-08-04,29104.695,Fluidos/Plano
2025-08-05,78787.08,Fluidos/Plano
2025-08-06,76841.805,Fluidos/Plano
2025-08-07,-18606.062,Fluidos/Plano
2025-08-08,88473.03,Fluidos/Plano
2025-08-09,58445.562,Fluidos/Plano
2025-08-10,76963.53,Fluidos/Plano
2025-08-11,77841.88,Fluidos/Plano
2025-08-12,164290.16,Fluidos/Plano
2025-08-13,16262.141,Fluidos/Plano
2025-08-14,7975.992,Fluidos/Plano
2025-08-15,117211.734,Fluidos/Plano
2025-08-16,90543.58,Fluidos/Plano
2025-08-17,84239.3,Fluidos/Plano
2025-08-18,94948.5,Fluidos/Plano
2025-08-19,105454.76,Fluidos/Plano
2025-08-20,112387.55,Fluidos/Plano
2025-08-21,135820.7,Fluidos/Plano
2025-08-22,109087.02,Fluidos/Plano
2025-08-23,152716.22,Fluidos/Plano
2025-08-24,91466.26,Fluidos/Plano
2025-08-25,106842.44,Fluidos/Plano
2025-08-26,153070.11,Fluidos/Plano
2025-08-27,130198.3,Fluidos/Plano
2025-08-28,129261.3,Fluidos/Plano
2025-08-29,104720.76,Fluidos/Plano
2025-08-30,63958.516,Fluidos/Plano
2025-08-31,59914.887,Fluidos/Plano
2025-09-01,105001.56,Fluidos/Plano
2025-09-02,103056.72,Fluidos/Plano
2025-09-03,197461.78,Fluidos/Plano
2025-09-04,88689.734,Fluidos/Plano
2025-09-05,126143.32,Fluidos/Plano
2025-09-06,186758.97,Fluidos/Plano
2025-09-07,180987.66,Fluidos/Plano
2025-09-08,142679.27,Fluidos/Plano
2025-09-09,144335.5,Fluidos/Plano
2025-09-10,164857.62,Fluidos/Plano
2025-09-11,111864.17,Fluidos/Plano
2025-09-12,130456.22,Fluidos/Plano
2025-09-13,191352.06,Fluidos/Plano
2025-09-14,112059.555,Fluidos/Plano
2025-09-15,108283.83,Fluidos/Plano
2025-09-16,116389.85,Fluidos/Plano
2025-09-17,25837.0,Fluidos/Plano
2025-09-18,185082.84,Fluidos/Plano
2025-09-19,89864.04,Fluidos/Plano
2025-09-20,-8950.281,Fluidos/Plano
2025-09-21,-15752.469,Fluidos/Plano
2025-09-22,116460.516,Fluidos/Plano
2025-09-23,128027.75,Fluidos/Plano
2025-09-24,163771.31,Fluidos/Plano
2025-09-25,124083.86,Fluidos/Plano
2025-09-26,125880.53,Fluidos/Plano
2025-09-27,110017.92,Fluidos/Plano
2025-09-28,78865.484,Fluidos/Plano
2025-09-29,104640.4,Fluidos/Plano
2025-09-30,122034.016,Fluidos/Plano
